uid,sx,sy,sz,nx,ny,nz,iso,aniso,fov,dtype,cluster,label
xaji0y6d,2.4600000381469727,2.4600000381469727,2.4600000381469727,142,142,112,2.4600000381469727,1.0,324.7200050354004,uint16,3,0.0
pbhsahxt,2.4600000381469727,2.4600000381469727,2.4600000381469727,142,142,112,2.4600000381469727,1.0,324.7200050354004,uint16,3,0.0
hv3a3zmf,2.4600000381469727,2.4600000381469727,2.4600000381469727,148,148,112,2.4600000381469727,1.0,334.5600051879883,uint16,3,0.0
8mdd4v30,2.4600000381469727,2.4600000381469727,2.4600000381469727,164,164,112,2.4600000381469727,1.0,360.80000559488934,uint16,3,0.0
t9nt3w5u,2.4600000381469727,2.4600000381469727,2.4600000381469727,156,156,112,2.4600000381469727,1.0,347.6800053914388,uint16,3,1.0
zbikcidk,2.4600000381469727,2.4600000381469727,2.4600000381469727,152,152,112,2.4600000381469727,1.0,341.12000528971356,uint16,3,1.0
wnnhj7xv,2.4600000381469727,2.4600000381469727,2.4600000381469727,138,138,112,2.4600000381469727,1.0,318.1600049336751,uint16,3,0.0
g0fn9xuy,2.4600000381469727,2.4600000381469727,2.4600000381469727,152,152,112,2.4600000381469727,1.0,341.12000528971356,uint16,3,0.0
41ibljh7,2.4600000381469727,2.4600000381469727,2.4600000381469727,128,128,112,2.4600000381469727,1.0,301.760004679362,uint16,3,0.0
5lxo6qji,2.4600000381469727,2.4600000381469727,2.4600000381469727,140,140,112,2.4600000381469727,1.0,321.4400049845378,uint16,3,1.0
ujv6oh9s,2.4600000381469727,2.4600000381469727,2.4600000381469727,150,150,112,2.4600000381469727,1.0,337.8400052388509,uint16,3,1.0
dbdw2pcn,2.4600000381469727,2.4600000381469727,2.4600000381469727,144,144,112,2.4600000381469727,1.0,328.000005086263,uint16,3,1.0
9t84azyt,2.4600000381469727,2.4600000381469727,2.4600000381469727,144,144,112,2.4600000381469727,1.0,328.000005086263,uint16,3,0.0
jxepq85j,2.4600000381469727,2.4600000381469727,2.4600000381469727,170,170,112,2.4600000381469727,1.0,370.64000574747723,uint16,3,1.0
sg65kxvf,2.4600000381469727,2.4600000381469727,2.4600000381469727,146,146,112,2.4600000381469727,1.0,331.28000513712567,uint16,3,1.0
1t2tala7,2.4600000381469727,2.4600000381469727,2.4600000381469727,134,134,112,2.4600000381469727,1.0,311.6000048319499,uint16,3,0.0
53lc58dr,2.4600000381469727,2.4600000381469727,2.4600000381469727,150,150,112,2.4600000381469727,1.0,337.8400052388509,uint16,3,1.0
c11ertj5,2.4600000381469727,2.4600000381469727,2.4600000381469727,156,156,112,2.4600000381469727,1.0,347.6800053914388,uint16,3,1.0
9mx2x18h,3.8953697681427,3.8953697681427,3.8953697681427,128,128,128,3.8953697681427,1.0,498.6073303222656,uint16,4,0.0
afeyuhz1,3.8953697681427,3.8953697681427,3.8953697681427,128,128,128,3.8953697681427,1.0,498.6073303222656,uint16,4,1.0
gv0e38da,3.8953697681427,3.8953697681427,3.8953697681427,128,128,49,3.8953697681427,1.0,396.0292597611745,uint16,2,1.0
ly8ozcyw,3.8953697681427,3.8953697681427,3.8953697681427,128,128,128,3.8953697681427,1.0,498.6073303222656,uint16,4,1.0
d14ve92m,3.8953697681427,3.8953697681427,3.8953697681427,128,128,128,3.8953697681427,1.0,498.6073303222656,uint16,4,1.0
pnsm43d8,3.8953697681427,3.8953697681427,3.8953697681427,128,128,128,3.8953697681427,1.0,498.6073303222656,uint16,4,0.0
w3zp08j3,3.8953697681427,3.8953697681427,3.8953697681427,128,128,128,3.8953697681427,1.0,498.6073303222656,uint16,4,1.0
trp0j43d,3.8953697681427,3.8953697681427,3.8953697681427,128,128,128,3.8953697681427,1.0,498.6073303222656,uint16,4,1.0
5iqvnb4g,3.8953697681427,3.8953697681427,3.8953697681427,128,128,128,3.8953697681427,1.0,498.6073303222656,uint16,4,1.0
h2m5zja8,3.8953697681427,3.8953697681427,3.8953697681427,128,128,128,3.8953697681427,1.0,498.6073303222656,uint16,4,1.0
dzr1yxr2,3.8953697681427,3.8953697681427,3.8953697681427,128,128,128,3.8953697681427,1.0,498.6073303222656,uint16,4,1.0
dhylurtp,3.8953697681427,3.8953697681427,3.8953697681427,128,128,128,3.8953697681427,1.0,498.6073303222656,uint16,4,0.0
0lzjjege,3.8953697681427,3.8953697681427,3.8953697681427,128,128,128,3.8953697681427,1.0,498.6073303222656,uint16,4,1.0
t1ghr09s,3.8953697681427,3.8953697681427,3.8953697681427,128,128,128,3.8953697681427,1.0,498.6073303222656,uint16,4,0.0
kdgigatj,3.8953697681427,3.8953697681427,3.8953697681427,128,128,128,3.8953697681427,1.0,498.6073303222656,uint16,4,1.0
9tze5r5u,3.8953697681427,3.8953697681427,3.8953697681427,128,128,128,3.8953697681427,1.0,498.6073303222656,uint16,4,0.0
qpgb7r3o,1.468269944190979,1.468269944190979,1.5,128,128,90,1.4788466294606526,1.0216105055712383,170.29236857096353,uint16,5,0.0
cwbfuk9e,3.8953697681427,3.8953697681427,3.8953697681427,128,128,128,3.8953697681427,1.0,498.6073303222656,uint16,4,0.0
1v2isqp4,3.8953697681427,3.8953697681427,3.8953697681427,128,128,128,3.8953697681427,1.0,498.6073303222656,uint16,4,1.0
9kwv08hh,3.8953697681427,3.8953697681427,3.8953697681427,128,128,128,3.8953697681427,1.0,498.6073303222656,uint16,4,1.0
xfgcaqvk,3.8953697681427,3.8953697681427,3.8953697681427,128,128,128,3.8953697681427,1.0,498.6073303222656,uint16,4,0.0
izzqy72w,3.8953697681427,3.8953697681427,3.8953697681427,128,128,128,3.8953697681427,1.0,498.6073303222656,uint16,4,1.0
x7ptx63c,3.8953697681427,3.8953697681427,3.8953697681427,128,128,128,3.8953697681427,1.0,498.6073303222656,uint16,4,1.0
fl0ukeyz,3.8953697681427,3.8953697681427,3.8953697681427,128,128,128,3.8953697681427,1.0,498.6073303222656,uint16,4,1.0
7srcbplj,3.8953697681427,3.8953697681427,3.8953697681427,128,128,128,3.8953697681427,1.0,498.6073303222656,uint16,4,1.0
d84u89yj,3.8953697681427,3.8953697681427,3.8953697681427,128,128,128,3.8953697681427,1.0,498.6073303222656,uint16,4,1.0
b1qx6gvw,3.8953697681427,3.8953697681427,3.8953697681427,128,128,128,3.8953697681427,1.0,498.6073303222656,uint16,4,0.0
rdmly4ly,3.8953697681427,3.8953697681427,3.8953697681427,128,128,128,3.8953697681427,1.0,498.6073303222656,uint16,4,0.0
k83tqll8,3.8953697681427,3.8953697681427,3.8953697681427,128,128,128,3.8953697681427,1.0,498.6073303222656,uint16,4,0.0
os9xtogn,3.8953697681427,3.8953697681427,3.8953697681427,128,128,128,3.8953697681427,1.0,498.6073303222656,uint16,4,1.0
1w1ht7pz,3.8953697681427,3.8953697681427,3.8953697681427,128,128,128,3.8953697681427,1.0,498.6073303222656,uint16,4,1.0
e9vifttd,3.8953697681427,3.8953697681427,3.8953697681427,128,128,128,3.8953697681427,1.0,498.6073303222656,uint16,4,1.0
96qe3rzs,3.8953697681427,3.8953697681427,3.8953697681427,128,128,128,3.8953697681427,1.0,498.6073303222656,uint16,4,0.0
j49itn7s,3.8953697681427,3.8953697681427,3.8953697681427,128,128,128,3.8953697681427,1.0,498.6073303222656,uint16,4,1.0
55j2o7s3,3.8953697681427,3.8953697681427,3.8953697681427,128,128,128,3.8953697681427,1.0,498.6073303222656,uint16,4,0.0
kkv9rftm,3.8953697681427,3.8953697681427,3.8953697681427,128,128,128,3.8953697681427,1.0,498.6073303222656,uint16,4,1.0
ttqlgzui,3.8953697681427,3.8953697681427,3.8953697681427,128,128,128,3.8953697681427,1.0,498.6073303222656,uint16,4,1.0
1b0z3nx3,3.8953697681427,3.8953697681427,3.8953697681427,128,128,128,3.8953697681427,1.0,498.6073303222656,uint16,4,1.0
9rbsv55p,3.8953697681427,3.8953697681427,3.8953697681427,128,128,128,3.8953697681427,1.0,498.6073303222656,uint16,4,1.0
sq0oxfq8,3.8953697681427,3.8953697681427,3.8953697681427,128,128,128,3.8953697681427,1.0,498.6073303222656,uint16,4,1.0
myx444nl,3.8953697681427,3.8953697681427,3.8953697681427,128,128,128,3.8953697681427,1.0,498.6073303222656,uint16,4,1.0
z15bcw79,3.8953697681427,3.8953697681427,3.8953697681427,128,128,128,3.8953697681427,1.0,498.6073303222656,uint16,4,1.0
0pdw5py6,3.8953697681427,3.8953697681427,3.8953697681427,128,128,128,3.8953697681427,1.0,498.6073303222656,uint16,4,1.0
b2knftu2,3.8953697681427,3.8953697681427,3.8953697681427,128,128,128,3.8953697681427,1.0,498.6073303222656,uint16,4,1.0
gc5wi6fq,3.8953697681427,3.8953697681427,3.8953697681427,128,128,128,3.8953697681427,1.0,498.6073303222656,uint16,4,0.0
jja26yfp,3.8953697681427,3.8953697681427,3.8953697681427,128,128,128,3.8953697681427,1.0,498.6073303222656,uint16,4,1.0
mvxpj4hn,3.8953697681427,3.8953697681427,3.8953697681427,128,128,128,3.8953697681427,1.0,498.6073303222656,uint16,4,0.0
riuu9k9x,3.8953697681427,3.8953697681427,3.8953697681427,128,128,128,3.8953697681427,1.0,498.6073303222656,uint16,4,1.0
juy0bvr6,3.8953697681427,3.8953697681427,3.8953697681427,128,128,128,3.8953697681427,1.0,498.6073303222656,uint16,4,1.0
k2vmwwyz,3.8953697681427,3.8953697681427,3.8953697681427,128,128,128,3.8953697681427,1.0,498.6073303222656,uint16,4,0.0
x4w6xlpu,3.8953697681427,3.8953697681427,3.8953697681427,128,128,128,3.8953697681427,1.0,498.6073303222656,uint16,4,0.0
0dk0get8,3.8953697681427,3.8953697681427,3.8953697681427,128,128,128,3.8953697681427,1.0,498.6073303222656,uint16,4,0.0
t63j3r30,3.8953697681427,3.8953697681427,3.8953697681427,128,128,128,3.8953697681427,1.0,498.6073303222656,uint16,4,1.0
me8f8409,3.8953697681427,3.8953697681427,3.8953697681427,128,128,128,3.8953697681427,1.0,498.6073303222656,uint16,4,0.0
82n2atqy,3.8953697681427,3.8953697681427,3.8953697681427,128,128,128,3.8953697681427,1.0,498.6073303222656,uint16,4,0.0
yv37dia5,3.8953697681427,3.8953697681427,3.8953697681427,128,128,128,3.8953697681427,1.0,498.6073303222656,uint16,4,0.0
u6hc36ko,3.8953697681427,3.8953697681427,3.8953697681427,128,128,128,3.8953697681427,1.0,498.6073303222656,uint16,4,0.0
f8krd5eq,3.8953697681427,3.8953697681427,3.8953697681427,128,128,128,3.8953697681427,1.0,498.6073303222656,uint16,4,0.0
y08p0fod,3.8953697681427,3.8953697681427,3.8953697681427,128,128,128,3.8953697681427,1.0,498.6073303222656,uint16,4,0.0
ro8bnp84,3.8953697681427,3.8953697681427,3.8953697681427,128,128,128,3.8953697681427,1.0,498.6073303222656,uint16,4,0.0
dyt9moge,3.8953697681427,3.8953697681427,3.8953697681427,128,128,128,3.8953697681427,1.0,498.6073303222656,uint16,4,0.0
4qxxva2i,3.8953697681427,3.8953697681427,3.8953697681427,128,128,128,3.8953697681427,1.0,498.6073303222656,uint16,4,0.0
euc1hh5l,3.8953697681427,3.8953697681427,3.8953697681427,128,128,128,3.8953697681427,1.0,498.6073303222656,uint16,4,1.0
f6a4fejg,3.8953697681427,3.8953697681427,3.8953697681427,128,128,128,3.8953697681427,1.0,498.6073303222656,uint16,4,0.0
xaa2ilgb,3.8953697681427,3.8953697681427,3.8953697681427,128,128,128,3.8953697681427,1.0,498.6073303222656,uint16,4,0.0
0s0r2sds,3.8953697681427,3.8953697681427,3.8953697681427,128,128,128,3.8953697681427,1.0,498.6073303222656,uint16,4,1.0
8b25sq8c,3.8953697681427,3.8953697681427,3.8953697681427,128,128,128,3.8953697681427,1.0,498.6073303222656,uint16,4,0.0
royr6ccv,3.8953697681427,3.8953697681427,3.8953697681427,128,128,128,3.8953697681427,1.0,498.6073303222656,uint16,4,1.0
cjwtl9tq,3.8953697681427,3.8953697681427,3.8953697681427,128,128,128,3.8953697681427,1.0,498.6073303222656,uint16,4,1.0
vdz4x1zh,3.8953697681427,3.8953697681427,3.8953697681427,128,128,128,3.8953697681427,1.0,498.6073303222656,uint16,4,1.0
qimqodpx,3.8953697681427,3.8953697681427,3.8953697681427,128,128,128,3.8953697681427,1.0,498.6073303222656,uint16,4,1.0
nf7c3dd0,3.8953697681427,3.8953697681427,3.8953697681427,128,128,128,3.8953697681427,1.0,498.6073303222656,uint16,4,1.0
3uvulemx,1.612339973449707,1.612339973449707,3.0,128,128,44,2.074893315633138,1.860649769528013,181.58634440104166,uint16,0,0.0
15z8vmuh,1.5094399452209473,1.5094399452209473,3.0,128,128,45,2.006293296813965,1.9874921221598314,173.8055419921875,uint16,0,0.0
xid4n1u3,1.5711899995803833,1.5711899995803833,3.0,128,128,44,2.0474599997202554,1.90938078832045,178.07487996419272,uint16,0,1.0
493wxa73,1.5437300205230713,1.5437300205230713,3.0,128,128,45,2.029153347015381,1.943344989160405,176.73162841796875,uint16,0,1.0
jgzlma5u,1.62608003616333,1.62608003616333,3.0,128,128,45,2.08405335744222,1.844927637804581,183.75882975260416,uint16,0,0.0
ofwb0hpm,1.6535199880599976,1.6535199880599976,3.0,128,128,49,2.102346658706665,1.8143113005363596,190.10037231445312,uint16,0,0.0
nz1udbfw,1.6192200183868408,1.6192200183868408,3.0,128,128,45,2.079480012257894,1.8527438926976525,183.1734415690104,uint16,0,1.0
yjxrpj1e,1.639799952507019,1.639799952507019,3.0,128,128,45,2.0931999683380127,1.8294914543773648,184.92959594726562,uint16,0,0.0
pkyrybov,1.564329981803894,1.564329981803894,3.0,128,128,45,2.042886654535929,1.9177539489082573,178.48949178059897,uint16,0,0.0
akhejla0,1.5849100351333618,1.5849100351333618,3.0,128,128,45,2.0566066900889077,1.8928519180885657,180.24565633138022,uint16,0,0.0
gnzs43c5,1.468269944190979,1.468269944190979,1.5,128,128,90,1.4788466294606526,1.0216105055712383,170.29236857096353,uint16,5,1.0
ba75uuzp,1.45455002784729,1.45455002784729,1.5,128,128,90,1.46970001856486,1.031246757610651,169.1216023763021,uint16,5,0.0
eal2w37d,1.468269944190979,1.468269944190979,1.5,128,128,90,1.4788466294606526,1.0216105055712383,170.29236857096353,uint16,5,0.0
4ivsolml,1.468269944190979,1.468269944190979,1.5,128,128,90,1.4788466294606526,1.0216105055712383,170.29236857096353,uint16,5,1.0
gses6m03,1.530019998550415,1.530019998550415,3.0,128,128,45,2.0200133323669434,1.9607586847507132,175.56170654296875,uint16,0,0.0
3ifhv1xg,1.468269944190979,1.468269944190979,1.5,128,128,90,1.4788466294606526,1.0216105055712383,170.29236857096353,uint16,5,0.0
1r11q7uw,1.4819799661636353,1.4819799661636353,1.5,128,128,96,1.48798664410909,1.012159431468573,174.46229044596353,uint16,5,0.0
w5wfcpkj,1.468269944190979,1.468269944190979,1.5,128,128,86,1.4788466294606526,1.0216105055712383,168.29236857096353,uint16,5,0.0
cslqc3c5,1.4614100456237793,1.4614100456237793,1.5,128,128,90,1.4742733637491863,1.0264059731160184,169.70699055989584,uint16,5,0.0
4wsqt26q,1.5368800163269043,1.5368800163269043,3.0,128,128,45,2.0245866775512695,1.952006642112445,176.1470947265625,uint16,0,0.0
3xlrfcd6,1.468269944190979,1.468269944190979,1.5,128,128,90,1.4788466294606526,1.0216105055712383,170.29236857096353,uint16,5,0.0
mzsgipps,1.530019998550415,1.530019998550415,3.0,128,128,50,2.0200133323669434,1.9607586847507132,180.56170654296875,uint16,0,0.0
fnkomv2x,1.591770052909851,1.591770052909851,3.0,128,128,50,2.061180035273234,1.8846943341570097,185.83104451497397,uint16,0,0.0
cdyk0x65,1.6535199880599976,1.6535199880599976,3.0,128,128,55,2.102346658706665,1.8143113005363596,196.10037231445312,uint16,0,1.0
mufm8zov,1.7564400434494019,1.7564400434494019,3.0,128,128,48,2.170960028966268,1.708000231028906,197.88288370768228,uint16,0,1.0
7ln23y30,1.6192200183868408,1.6192200183868408,3.0,128,128,50,2.079480012257894,1.8527438926976525,188.1734415690104,uint16,0,1.0
ysxpnngh,1.6535199880599976,1.6535199880599976,3.0,128,128,45,2.102346658706665,1.8143113005363596,186.10037231445312,uint16,0,1.0
8riec4d1,1.6192200183868408,1.6192200183868408,3.0,128,128,46,2.079480012257894,1.8527438926976525,184.1734415690104,uint16,0,0.0
45bm1enf,1.62608003616333,1.62608003616333,3.0,128,128,45,2.08405335744222,1.844927637804581,183.75882975260416,uint16,0,0.0
313fpoyi,1.5231599807739258,1.5231599807739258,3.0,128,128,45,2.015439987182617,1.9695895624015043,174.976318359375,uint16,0,1.0
pk0qtl3q,1.598620057106018,1.598620057106018,3.0,128,128,49,2.0657467047373452,1.8766185164915923,185.41557820638022,uint16,0,0.0
4n89qkns,1.5025800466537476,1.5025800466537476,3.0,128,128,45,2.0017200311024985,1.9965658446490178,173.22016398111978,uint16,0,0.0
832ejx5t,1.5231599807739258,1.5231599807739258,3.0,128,128,45,2.015439987182617,1.9695895624015043,174.976318359375,uint16,0,1.0
d44k1j6f,1.3722200393676758,1.3722200393676758,1.5,128,128,84,1.4148133595784504,1.093119147779831,159.09611002604166,uint16,5,0.0
p8hqmabs,1.45455002784729,1.45455002784729,1.5,128,128,90,1.46970001856486,1.031246757610651,169.1216023763021,uint16,5,0.0
i9nb74x2,1.4133800268173218,1.4133800268173218,1.5,128,128,90,1.4422533512115479,1.0612856921274958,165.60842895507812,uint16,5,0.0
ek3zezqa,1.468269944190979,1.468269944190979,1.5,128,128,90,1.4788466294606526,1.0216105055712383,170.29236857096353,uint16,5,0.0
cj4t0sek,1.6329400539398193,1.6329400539398193,3.0,128,128,52,2.0886267026265464,1.8371770554355957,191.3442179361979,uint16,0,0.0
kbp2qd6v,1.468269944190979,1.468269944190979,1.5,128,128,94,1.4788466294606526,1.0216105055712383,172.29236857096353,uint16,5,1.0
asifpwio,1.674090027809143,1.674090027809143,3.0,128,128,56,2.1160600185394287,1.7920183204997975,198.85568237304688,uint16,0,1.0
xd9css9t,1.7084100246429443,1.7084100246429443,3.0,128,128,57,2.1389400164286294,1.7560187289506197,202.7843221028646,uint16,0,0.0
oqw9ja2m,1.5368800163269043,1.5368800163269043,3.0,128,128,45,2.0245866775512695,1.952006642112445,176.1470947265625,uint16,0,0.0
0w10lbt3,1.4957200288772583,1.4957200288772583,1.5,128,128,102,1.4971466859181721,1.0028614787795243,178.63477579752603,uint16,5,0.0
g2qzw3c1,1.6535199880599976,1.6535199880599976,3.0,128,128,49,2.102346658706665,1.8143113005363596,190.10037231445312,uint16,0,0.0
qkbhb7s9,1.639799952507019,1.639799952507019,3.0,128,128,55,2.0931999683380127,1.8294914543773648,194.92959594726562,uint16,0,0.0
t64z7w2s,1.639799952507019,1.639799952507019,3.0,128,128,41,2.0931999683380127,1.8294914543773648,180.92959594726562,uint16,0,0.0
ehe2atn2,1.7564400434494019,1.7564400434494019,3.0,128,128,45,2.170960028966268,1.708000231028906,194.88288370768228,uint16,0,0.0
twdl9zs1,1.7426999807357788,1.7426999807357788,3.0,128,128,45,2.161799987157186,1.7214667086490592,193.71039835611978,uint16,0,0.0
3c9xqym5,1.6329400539398193,1.6329400539398193,3.0,128,128,49,2.0886267026265464,1.8371770554355957,188.3442179361979,uint16,0,1.0
2xg8p6be,1.468269944190979,1.468269944190979,1.5,128,128,90,1.4788466294606526,1.0216105055712383,170.29236857096353,uint16,5,1.0
fflzm764,2.129159927368164,2.129159927368164,3.0,128,128,52,2.419439951578776,1.4090064167740908,233.68831380208334,uint16,0,0.0
jwtektsg,2.4150900840759277,2.4150900840759277,3.0,128,128,45,2.6100600560506186,1.242189688815634,251.08768717447916,uint16,3,1.0
7fxzv4u3,1.6535199880599976,1.6535199880599976,3.0,128,128,45,2.102346658706665,1.8143113005363596,186.10037231445312,uint16,0,0.0
bbxux1ox,1.7495800256729126,1.7495800256729126,3.0,128,128,46,2.166386683781942,1.7146972164626528,195.29749552408853,uint16,0,0.0
rwk8r2yk,1.5025800466537476,1.5025800466537476,3.0,128,128,48,2.0017200311024985,1.9965658446490178,176.22016398111978,uint16,0,1.0
ccprhvlz,1.6054799556732178,1.6054799556732178,3.0,128,128,50,2.070319970448812,1.8686000964378437,187.0009562174479,uint16,0,1.0
049enulq,1.5780500173568726,1.5780500173568726,3.0,128,128,45,2.0520333449045816,1.9010804264777348,179.66026814778647,uint16,0,0.0
jidknwi5,1.468269944190979,1.468269944190979,1.5,128,128,90,1.4788466294606526,1.0216105055712383,170.29236857096353,uint16,5,0.0
flul1rsr,1.6878299713134766,1.6878299713134766,3.0,128,128,52,2.125219980875651,1.777430221638609,196.02815755208334,uint16,0,0.0
la8s8hmb,1.6466599702835083,1.6466599702835083,3.0,128,128,56,2.097773313522339,1.8218697570473428,196.51498413085938,uint16,0,0.0
r5xqt4p5,1.468269944190979,1.468269944190979,1.5,128,128,90,1.4788466294606526,1.0216105055712383,170.29236857096353,uint16,5,0.0
01nouhtc,1.468269944190979,1.468269944190979,1.5,128,128,90,1.4788466294606526,1.0216105055712383,170.29236857096353,uint16,5,0.0
s1k9ye9o,1.468269944190979,1.468269944190979,1.5,128,128,90,1.4788466294606526,1.0216105055712383,170.29236857096353,uint16,5,0.0
2m71hssb,1.6878299713134766,1.6878299713134766,3.0,128,128,51,2.125219980875651,1.777430221638609,195.02815755208334,uint16,0,1.0
elrqvslw,1.468269944190979,1.468269944190979,1.5,128,128,90,1.4788466294606526,1.0216105055712383,170.29236857096353,uint16,5,1.0
f90km3tz,1.468269944190979,1.468269944190979,1.5,128,128,88,1.4788466294606526,1.0216105055712383,169.29236857096353,uint16,5,0.0
k3ny9v20,1.468269944190979,1.468269944190979,1.5,128,128,90,1.4788466294606526,1.0216105055712383,170.29236857096353,uint16,5,0.0
yar821uz,1.468269944190979,1.468269944190979,1.5,128,128,90,1.4788466294606526,1.0216105055712383,170.29236857096353,uint16,5,1.0
vgww4fyb,2.3601999282836914,2.3601999282836914,3.0,128,128,70,2.5734666188557944,1.2710787607647982,271.4037272135417,uint16,3,1.0
8dalfyo1,1.468269944190979,1.468269944190979,1.5,128,128,90,1.4788466294606526,1.0216105055712383,170.29236857096353,uint16,5,0.0
750cehlx,1.468269944190979,1.468269944190979,1.5,128,128,90,1.4788466294606526,1.0216105055712383,170.29236857096353,uint16,5,1.0
slg6mm1z,1.468269944190979,1.468269944190979,1.5,128,128,90,1.4788466294606526,1.0216105055712383,170.29236857096353,uint16,5,1.0
xyvgiui9,1.8820899724960327,1.8820899724960327,3.0,128,128,57,2.2547266483306885,1.59397268134923,217.60501098632812,uint16,0,1.0
kkhzlm72,1.468269944190979,1.468269944190979,1.5,128,128,90,1.4788466294606526,1.0216105055712383,170.29236857096353,uint16,5,0.0
jeyn9382,1.7152700424194336,1.7152700424194336,3.0,128,128,51,2.1435133616129556,1.7489957416666713,197.36971028645834,uint16,0,1.0
kkzmpjrh,1.5780500173568726,1.5780500173568726,3.0,128,128,49,2.0520333449045816,1.9010804264777348,183.66026814778647,uint16,0,1.0
t7zewviy,1.6054799556732178,1.6054799556732178,3.0,128,128,45,2.070319970448812,1.8686000964378437,182.0009562174479,uint16,0,0.0
twbozd1a,1.5780500173568726,1.5780500173568726,3.0,128,128,45,2.0520333449045816,1.9010804264777348,179.66026814778647,uint16,0,0.0
t7o75rh8,1.468269944190979,1.468269944190979,1.5,128,128,90,1.4788466294606526,1.0216105055712383,170.29236857096353,uint16,5,1.0
lx6dut07,2.126919984817505,2.126919984817505,3.0,128,128,45,2.4179466565450034,1.4104902964919988,226.4971720377604,uint16,0,0.0
6g5g79or,2.017159938812256,2.017159938812256,3.0,128,128,45,2.344773292541504,1.4872395303301829,217.1309814453125,uint16,0,1.0
7875aud9,1.591770052909851,1.591770052909851,3.0,128,128,45,2.061180035273234,1.8846943341570097,180.83104451497397,uint16,0,1.0
k9tr74qg,1.6946899890899658,1.6946899890899658,3.0,128,128,45,2.129793326059977,1.7702352756629987,189.6135457356771,uint16,0,0.0
efqjg02u,1.468269944190979,1.468269944190979,1.5,128,128,90,1.4788466294606526,1.0216105055712383,170.29236857096353,uint16,5,1.0
1g463sdy,1.468269944190979,1.468269944190979,1.5,128,128,90,1.4788466294606526,1.0216105055712383,170.29236857096353,uint16,5,1.0
gfliji18,2.299999952316284,2.299999952316284,2.299999952316284,128,128,128,2.299999952316284,1.0,294.3999938964844,uint16,7,1.0
k0axycel,2.299999952316284,2.299999952316284,2.299999952316284,128,128,128,2.299999952316284,1.0,294.3999938964844,uint16,7,0.0
os6zle6k,2.299999952316284,2.299999952316284,2.299999952316284,128,128,128,2.299999952316284,1.0,294.3999938964844,uint16,7,1.0
whef0vot,2.299999952316284,2.299999952316284,2.299999952316284,128,128,128,2.299999952316284,1.0,294.3999938964844,uint16,7,1.0
qtxhi15c,2.299999952316284,2.299999952316284,2.299999952316284,128,128,128,2.299999952316284,1.0,294.3999938964844,uint16,7,1.0
qzcuctsu,2.299999952316284,2.299999952316284,2.299999952316284,128,128,128,2.299999952316284,1.0,294.3999938964844,uint16,7,1.0
flsehuds,2.299999952316284,2.299999952316284,2.299999952316284,128,128,128,2.299999952316284,1.0,294.3999938964844,uint16,7,1.0
3qsqcq30,2.299999952316284,2.299999952316284,2.299999952316284,128,128,128,2.299999952316284,1.0,294.3999938964844,uint16,7,0.0
o30ubmc9,2.299999952316284,2.299999952316284,2.299999952316284,128,128,128,2.299999952316284,1.0,294.3999938964844,uint16,7,0.0
7c7bo119,2.299999952316284,2.299999952316284,2.299999952316284,128,128,128,2.299999952316284,1.0,294.3999938964844,uint16,7,0.0
xp9n56ny,2.299999952316284,2.299999952316284,2.299999952316284,128,128,128,2.299999952316284,1.0,294.3999938964844,uint16,7,0.0
xtxmgtt0,2.299999952316284,2.299999952316284,2.299999952316284,128,128,128,2.299999952316284,1.0,294.3999938964844,uint16,7,0.0
iaakytt3,2.299999952316284,2.299999952316284,2.299999952316284,128,128,128,2.299999952316284,1.0,294.3999938964844,uint16,7,0.0
imj70e3p,2.299999952316284,2.299999952316284,2.299999952316284,128,128,128,2.299999952316284,1.0,294.3999938964844,uint16,7,1.0
15ahdbvz,2.299999952316284,2.299999952316284,2.299999952316284,128,128,128,2.299999952316284,1.0,294.3999938964844,uint16,7,0.0
b0oih5cs,2.299999952316284,2.299999952316284,2.299999952316284,128,128,128,2.299999952316284,1.0,294.3999938964844,uint16,7,1.0
k30lvylk,2.299999952316284,2.299999952316284,2.299999952316284,128,128,128,2.299999952316284,1.0,294.3999938964844,uint16,7,0.0
fxhkc856,2.299999952316284,2.299999952316284,2.299999952316284,128,128,128,2.299999952316284,1.0,294.3999938964844,uint16,7,0.0
wpr97y2l,2.299999952316284,2.299999952316284,2.299999952316284,128,128,128,2.299999952316284,1.0,294.3999938964844,uint16,7,1.0
ofn1r4kz,2.299999952316284,2.299999952316284,2.299999952316284,128,128,128,2.299999952316284,1.0,294.3999938964844,uint16,7,1.0
36u8ueih,2.299999952316284,2.299999952316284,2.299999952316284,128,128,128,2.299999952316284,1.0,294.3999938964844,uint16,7,1.0
x74d0gjy,2.299999952316284,2.299999952316284,2.299999952316284,128,128,128,2.299999952316284,1.0,294.3999938964844,uint16,7,0.0
v5g10ur5,2.299999952316284,2.299999952316284,2.299999952316284,128,128,128,2.299999952316284,1.0,294.3999938964844,uint16,7,1.0
l8a78e9r,2.299999952316284,2.299999952316284,2.299999952316284,128,128,128,2.299999952316284,1.0,294.3999938964844,uint16,7,0.0
ivh6t1nt,2.299999952316284,2.299999952316284,2.299999952316284,128,128,128,2.299999952316284,1.0,294.3999938964844,uint16,7,1.0
mjsrd9q4,2.299999952316284,2.299999952316284,2.299999952316284,128,128,128,2.299999952316284,1.0,294.3999938964844,uint16,7,1.0
6nouhfj7,2.299999952316284,2.299999952316284,2.299999952316284,128,128,128,2.299999952316284,1.0,294.3999938964844,uint16,7,0.0
upfln4rx,2.299999952316284,2.299999952316284,2.299999952316284,128,128,128,2.299999952316284,1.0,294.3999938964844,uint16,7,1.0
yj38xrg2,2.299999952316284,2.299999952316284,2.299999952316284,128,128,128,2.299999952316284,1.0,294.3999938964844,uint16,7,0.0
gzr7txcb,2.299999952316284,2.299999952316284,2.299999952316284,128,128,128,2.299999952316284,1.0,294.3999938964844,uint16,7,0.0
48y1o4iz,2.299999952316284,2.299999952316284,2.299999952316284,128,128,128,2.299999952316284,1.0,294.3999938964844,uint16,7,1.0
asnwywrr,2.299999952316284,2.299999952316284,2.299999952316284,128,128,128,2.299999952316284,1.0,294.3999938964844,uint16,7,1.0
atatj9a3,2.299999952316284,2.299999952316284,2.299999952316284,128,128,128,2.299999952316284,1.0,294.3999938964844,uint16,7,0.0
y36ddfgs,2.299999952316284,2.299999952316284,2.299999952316284,128,128,128,2.299999952316284,1.0,294.3999938964844,uint16,7,0.0
3jonou9i,2.299999952316284,2.299999952316284,2.299999952316284,128,128,128,2.299999952316284,1.0,294.3999938964844,uint16,7,1.0
y4x41dnt,2.299999952316284,2.299999952316284,2.299999952316284,128,128,128,2.299999952316284,1.0,294.3999938964844,uint16,7,0.0
cagrp2u4,2.299999952316284,2.299999952316284,2.299999952316284,128,128,128,2.299999952316284,1.0,294.3999938964844,uint16,7,0.0
dtbh55rb,2.299999952316284,2.299999952316284,2.299999952316284,128,128,128,2.299999952316284,1.0,294.3999938964844,uint16,7,0.0
c76ub7l8,2.299999952316284,2.299999952316284,2.299999952316284,128,128,128,2.299999952316284,1.0,294.3999938964844,uint16,7,1.0
v1zocfi4,2.299999952316284,2.299999952316284,2.299999952316284,128,128,128,2.299999952316284,1.0,294.3999938964844,uint16,7,1.0
o6l1f90s,2.299999952316284,2.299999952316284,2.299999952316284,128,128,128,2.299999952316284,1.0,294.3999938964844,uint16,7,0.0
9bp4m18o,2.299999952316284,2.299999952316284,2.299999952316284,128,128,128,2.299999952316284,1.0,294.3999938964844,uint16,7,0.0
1bj9rm7p,2.299999952316284,2.299999952316284,2.299999952316284,128,128,128,2.299999952316284,1.0,294.3999938964844,uint16,7,0.0
yxdw2zcf,2.299999952316284,2.299999952316284,2.299999952316284,128,128,128,2.299999952316284,1.0,294.3999938964844,uint16,7,1.0
zw0ldalm,2.299999952316284,2.299999952316284,2.299999952316284,128,128,128,2.299999952316284,1.0,294.3999938964844,uint16,7,0.0
jegqtoam,2.299999952316284,2.299999952316284,2.299999952316284,128,128,128,2.299999952316284,1.0,294.3999938964844,uint16,7,0.0
dvlnknd6,2.299999952316284,2.299999952316284,2.299999952316284,128,128,128,2.299999952316284,1.0,294.3999938964844,uint16,7,0.0
69ugnekr,2.299999952316284,2.299999952316284,2.299999952316284,128,128,128,2.299999952316284,1.0,294.3999938964844,uint16,7,0.0
cpprcjiw,2.299999952316284,2.299999952316284,2.299999952316284,128,128,128,2.299999952316284,1.0,294.3999938964844,uint16,7,1.0
vhdk8lw2,2.299999952316284,2.299999952316284,2.299999952316284,128,128,128,2.299999952316284,1.0,294.3999938964844,uint16,7,0.0
lm349el8,2.299999952316284,2.299999952316284,2.299999952316284,128,128,128,2.299999952316284,1.0,294.3999938964844,uint16,7,1.0
hl88kzru,2.299999952316284,2.299999952316284,2.299999952316284,128,128,128,2.299999952316284,1.0,294.3999938964844,uint16,7,0.0
in3oeuvt,2.299999952316284,2.299999952316284,2.299999952316284,128,128,128,2.299999952316284,1.0,294.3999938964844,uint16,7,1.0
yt8qzpky,2.299999952316284,2.299999952316284,2.299999952316284,128,128,128,2.299999952316284,1.0,294.3999938964844,uint16,7,0.0
32orwixz,2.299999952316284,2.299999952316284,2.299999952316284,128,128,128,2.299999952316284,1.0,294.3999938964844,uint16,7,1.0
2c9ros7y,2.299999952316284,2.299999952316284,2.299999952316284,128,128,128,2.299999952316284,1.0,294.3999938964844,uint16,7,0.0
t2m6twd1,2.299999952316284,2.299999952316284,2.299999952316284,128,128,128,2.299999952316284,1.0,294.3999938964844,uint16,7,1.0
xmxb9yo1,2.299999952316284,2.299999952316284,2.299999952316284,128,128,128,2.299999952316284,1.0,294.3999938964844,uint16,7,0.0
8pajssuu,2.299999952316284,2.299999952316284,2.299999952316284,128,128,128,2.299999952316284,1.0,294.3999938964844,uint16,7,0.0
qo1vsmad,2.299999952316284,2.299999952316284,2.299999952316284,128,128,128,2.299999952316284,1.0,294.3999938964844,uint16,7,1.0
o8e7flqh,2.299999952316284,2.299999952316284,2.299999952316284,128,128,128,2.299999952316284,1.0,294.3999938964844,uint16,7,1.0
rrpzlk3e,2.299999952316284,2.299999952316284,2.299999952316284,128,128,128,2.299999952316284,1.0,294.3999938964844,uint16,7,0.0
4xyf9igf,2.299999952316284,2.299999952316284,2.299999952316284,128,128,128,2.299999952316284,1.0,294.3999938964844,uint16,7,1.0
u8iogxpb,2.299999952316284,2.299999952316284,2.299999952316284,128,128,128,2.299999952316284,1.0,294.3999938964844,uint16,7,0.0
whvnzh13,2.299999952316284,2.299999952316284,2.299999952316284,128,128,128,2.299999952316284,1.0,294.3999938964844,uint16,7,1.0
cd5glqj5,2.299999952316284,2.299999952316284,2.299999952316284,128,128,128,2.299999952316284,1.0,294.3999938964844,uint16,7,1.0
sxvwvm4w,2.299999952316284,2.299999952316284,2.299999952316284,128,128,128,2.299999952316284,1.0,294.3999938964844,uint16,7,0.0
3zkwdeek,2.299999952316284,2.299999952316284,2.299999952316284,128,128,128,2.299999952316284,1.0,294.3999938964844,uint16,7,1.0
gyspengw,2.299999952316284,2.299999952316284,2.299999952316284,128,128,128,2.299999952316284,1.0,294.3999938964844,uint16,7,0.0
yx9trflq,2.299999952316284,2.299999952316284,2.299999952316284,128,128,128,2.299999952316284,1.0,294.3999938964844,uint16,7,1.0
bmae38sr,2.299999952316284,2.299999952316284,2.299999952316284,128,128,128,2.299999952316284,1.0,294.3999938964844,uint16,7,0.0
yo4rcb1k,2.299999952316284,2.299999952316284,2.299999952316284,128,128,128,2.299999952316284,1.0,294.3999938964844,uint16,7,1.0
jtgq01te,2.299999952316284,2.299999952316284,2.299999952316284,128,128,128,2.299999952316284,1.0,294.3999938964844,uint16,7,0.0
e13n3bzt,2.299999952316284,2.299999952316284,2.299999952316284,128,128,128,2.299999952316284,1.0,294.3999938964844,uint16,7,0.0
9d31k9qm,2.299999952316284,2.299999952316284,2.299999952316284,128,128,128,2.299999952316284,1.0,294.3999938964844,uint16,7,1.0
3p91i3vm,2.299999952316284,2.299999952316284,2.299999952316284,128,128,128,2.299999952316284,1.0,294.3999938964844,uint16,7,0.0
zwffhhcm,2.299999952316284,2.299999952316284,2.299999952316284,128,128,128,2.299999952316284,1.0,294.3999938964844,uint16,7,1.0
ktlzkj49,2.299999952316284,2.299999952316284,2.299999952316284,128,128,128,2.299999952316284,1.0,294.3999938964844,uint16,7,0.0
yd82795e,2.299999952316284,2.299999952316284,2.299999952316284,128,128,128,2.299999952316284,1.0,294.3999938964844,uint16,7,1.0
5iz31yru,2.299999952316284,2.299999952316284,2.299999952316284,128,128,128,2.299999952316284,1.0,294.3999938964844,uint16,7,0.0
joqw5dsk,2.299999952316284,2.299999952316284,2.299999952316284,128,128,128,2.299999952316284,1.0,294.3999938964844,uint16,7,1.0
7n8la100,2.299999952316284,2.299999952316284,2.299999952316284,128,128,128,2.299999952316284,1.0,294.3999938964844,uint16,7,1.0
qxmcthph,2.299999952316284,2.299999952316284,2.299999952316284,128,128,128,2.299999952316284,1.0,294.3999938964844,uint16,7,0.0
j3muurmy,2.299999952316284,2.299999952316284,2.299999952316284,128,128,128,2.299999952316284,1.0,294.3999938964844,uint16,7,1.0
bd2qe4pa,2.299999952316284,2.299999952316284,2.299999952316284,128,128,128,2.299999952316284,1.0,294.3999938964844,uint16,7,0.0
8hyexf7j,2.299999952316284,2.299999952316284,2.299999952316284,128,128,128,2.299999952316284,1.0,294.3999938964844,uint16,7,1.0
xjn6fokz,2.299999952316284,2.299999952316284,2.299999952316284,128,128,128,2.299999952316284,1.0,294.3999938964844,uint16,7,0.0
ixzareiy,2.299999952316284,2.299999952316284,2.299999952316284,128,128,128,2.299999952316284,1.0,294.3999938964844,uint16,7,0.0
az39pecn,2.299999952316284,2.299999952316284,2.299999952316284,128,128,128,2.299999952316284,1.0,294.3999938964844,uint16,7,0.0
0dl5e11e,2.299999952316284,2.299999952316284,2.299999952316284,128,128,128,2.299999952316284,1.0,294.3999938964844,uint16,7,1.0
9ftaxp0w,2.299999952316284,2.299999952316284,2.299999952316284,128,128,128,2.299999952316284,1.0,294.3999938964844,uint16,7,1.0
foy4dd1v,2.299999952316284,2.299999952316284,2.299999952316284,128,128,128,2.299999952316284,1.0,294.3999938964844,uint16,7,1.0
n8lfjdtv,2.299999952316284,2.299999952316284,2.299999952316284,128,128,128,2.299999952316284,1.0,294.3999938964844,uint16,7,0.0
v2y4xkss,2.299999952316284,2.299999952316284,2.299999952316284,128,128,128,2.299999952316284,1.0,294.3999938964844,uint16,7,1.0
0kb68rer,2.299999952316284,2.299999952316284,2.299999952316284,128,128,128,2.299999952316284,1.0,294.3999938964844,uint16,7,0.0
vt997e4u,2.299999952316284,2.299999952316284,2.299999952316284,128,128,128,2.299999952316284,1.0,294.3999938964844,uint16,7,0.0
ny181acj,2.299999952316284,2.299999952316284,2.299999952316284,128,128,128,2.299999952316284,1.0,294.3999938964844,uint16,7,0.0
bc2swsoz,2.299999952316284,2.299999952316284,2.299999952316284,128,128,128,2.299999952316284,1.0,294.3999938964844,uint16,7,1.0
ctwjlsh3,2.299999952316284,2.299999952316284,2.299999952316284,128,128,128,2.299999952316284,1.0,294.3999938964844,uint16,7,0.0
tow4ycz0,2.299999952316284,2.299999952316284,2.299999952316284,128,128,128,2.299999952316284,1.0,294.3999938964844,uint16,7,0.0
4cdpqvl0,2.299999952316284,2.299999952316284,2.299999952316284,128,128,128,2.299999952316284,1.0,294.3999938964844,uint16,7,1.0
0ezzf8s2,2.299999952316284,2.299999952316284,2.299999952316284,128,128,128,2.299999952316284,1.0,294.3999938964844,uint16,7,1.0
zge2j51b,2.299999952316284,2.299999952316284,2.299999952316284,128,128,128,2.299999952316284,1.0,294.3999938964844,uint16,7,1.0
3jczucqm,2.299999952316284,2.299999952316284,2.299999952316284,128,128,128,2.299999952316284,1.0,294.3999938964844,uint16,7,0.0
runjdu0i,2.299999952316284,2.299999952316284,2.299999952316284,128,128,128,2.299999952316284,1.0,294.3999938964844,uint16,7,1.0
sb5iqnf7,2.299999952316284,2.299999952316284,2.299999952316284,128,128,128,2.299999952316284,1.0,294.3999938964844,uint16,7,0.0
4t60ploz,2.299999952316284,2.299999952316284,2.299999952316284,128,128,128,2.299999952316284,1.0,294.3999938964844,uint16,7,1.0
jcns6g29,2.299999952316284,2.299999952316284,2.299999952316284,128,128,128,2.299999952316284,1.0,294.3999938964844,uint16,7,1.0
8cqk4lta,2.299999952316284,2.299999952316284,2.299999952316284,128,128,128,2.299999952316284,1.0,294.3999938964844,uint16,7,0.0
hukwqvr1,2.299999952316284,2.299999952316284,2.299999952316284,128,128,128,2.299999952316284,1.0,294.3999938964844,uint16,7,0.0
h61iaoim,2.299999952316284,2.299999952316284,2.299999952316284,128,128,128,2.299999952316284,1.0,294.3999938964844,uint16,7,1.0
458ax40d,2.299999952316284,2.299999952316284,2.299999952316284,128,128,128,2.299999952316284,1.0,294.3999938964844,uint16,7,0.0
tirc9zd7,2.299999952316284,2.299999952316284,2.299999952316284,128,128,128,2.299999952316284,1.0,294.3999938964844,uint16,7,1.0
6szn9dde,2.299999952316284,2.299999952316284,2.299999952316284,128,128,128,2.299999952316284,1.0,294.3999938964844,uint16,7,1.0
3cup8ijl,2.299999952316284,2.299999952316284,2.299999952316284,128,128,128,2.299999952316284,1.0,294.3999938964844,uint16,7,0.0
2z0ljch2,2.299999952316284,2.299999952316284,2.299999952316284,128,128,128,2.299999952316284,1.0,294.3999938964844,uint16,7,1.0
vffqot8h,2.299999952316284,2.299999952316284,2.299999952316284,128,128,128,2.299999952316284,1.0,294.3999938964844,uint16,7,0.0
ljefy3zb,2.299999952316284,2.299999952316284,2.299999952316284,128,128,128,2.299999952316284,1.0,294.3999938964844,uint16,7,1.0
4ldimsyj,2.299999952316284,2.299999952316284,2.299999952316284,128,128,128,2.299999952316284,1.0,294.3999938964844,uint16,7,1.0
9boq0iq2,2.299999952316284,2.299999952316284,2.299999952316284,128,128,128,2.299999952316284,1.0,294.3999938964844,uint16,7,1.0
fa39e3nw,2.299999952316284,2.299999952316284,2.299999952316284,128,128,128,2.299999952316284,1.0,294.3999938964844,uint16,7,0.0
xuj3ac6p,2.299999952316284,2.299999952316284,2.299999952316284,128,128,128,2.299999952316284,1.0,294.3999938964844,uint16,7,0.0
e63lbqgu,2.299999952316284,2.299999952316284,2.299999952316284,128,128,128,2.299999952316284,1.0,294.3999938964844,uint16,7,0.0
3obyghgk,2.299999952316284,2.299999952316284,2.299999952316284,128,128,128,2.299999952316284,1.0,294.3999938964844,uint16,7,1.0
5bwikotc,2.299999952316284,2.299999952316284,2.299999952316284,128,128,128,2.299999952316284,1.0,294.3999938964844,uint16,7,0.0
keh5sw22,2.299999952316284,2.299999952316284,2.299999952316284,128,128,128,2.299999952316284,1.0,294.3999938964844,uint16,7,0.0
92mtr6sn,2.299999952316284,2.299999952316284,2.299999952316284,128,128,128,2.299999952316284,1.0,294.3999938964844,uint16,7,0.0
glh62c9t,2.299999952316284,2.299999952316284,2.299999952316284,128,128,128,2.299999952316284,1.0,294.3999938964844,uint16,7,1.0
199dxj37,2.299999952316284,2.299999952316284,2.299999952316284,128,128,128,2.299999952316284,1.0,294.3999938964844,uint16,7,0.0
c9h42m44,2.299999952316284,2.299999952316284,2.299999952316284,128,128,128,2.299999952316284,1.0,294.3999938964844,uint16,7,1.0
gv3z6bz8,2.299999952316284,2.299999952316284,2.299999952316284,128,128,128,2.299999952316284,1.0,294.3999938964844,uint16,7,0.0
uug95rlr,2.299999952316284,2.299999952316284,2.299999952316284,128,128,128,2.299999952316284,1.0,294.3999938964844,uint16,7,1.0
dihsa7he,2.299999952316284,2.299999952316284,2.299999952316284,128,128,128,2.299999952316284,1.0,294.3999938964844,uint16,7,1.0
z74lav71,2.299999952316284,2.299999952316284,2.299999952316284,128,128,128,2.299999952316284,1.0,294.3999938964844,uint16,7,0.0
448n7odk,2.299999952316284,2.299999952316284,2.299999952316284,128,128,128,2.299999952316284,1.0,294.3999938964844,uint16,7,0.0
ef828xg8,2.299999952316284,2.299999952316284,2.299999952316284,128,128,128,2.299999952316284,1.0,294.3999938964844,uint16,7,1.0
y72ivgly,2.299999952316284,2.299999952316284,2.299999952316284,128,128,128,2.299999952316284,1.0,294.3999938964844,uint16,7,1.0
e088o98b,2.299999952316284,2.299999952316284,2.299999952316284,128,128,128,2.299999952316284,1.0,294.3999938964844,uint16,7,0.0
v78hu7f0,2.299999952316284,2.299999952316284,2.299999952316284,128,128,128,2.299999952316284,1.0,294.3999938964844,uint16,7,1.0
i9g5dzx5,2.299999952316284,2.299999952316284,2.299999952316284,128,128,128,2.299999952316284,1.0,294.3999938964844,uint16,7,1.0
qjicjdan,2.299999952316284,2.299999952316284,2.299999952316284,128,128,128,2.299999952316284,1.0,294.3999938964844,uint16,7,0.0
085rntdr,2.299999952316284,2.299999952316284,2.299999952316284,128,128,128,2.299999952316284,1.0,294.3999938964844,uint16,7,1.0
5xyfc4kl,2.299999952316284,2.299999952316284,2.299999952316284,128,128,128,2.299999952316284,1.0,294.3999938964844,uint16,7,1.0
8cgn0t6d,2.299999952316284,2.299999952316284,2.299999952316284,128,128,128,2.299999952316284,1.0,294.3999938964844,uint16,7,0.0
vwrb7f6f,2.299999952316284,2.299999952316284,2.299999952316284,128,128,128,2.299999952316284,1.0,294.3999938964844,uint16,7,0.0
dhgzz0jk,2.299999952316284,2.299999952316284,2.299999952316284,128,128,128,2.299999952316284,1.0,294.3999938964844,uint16,7,1.0
ibu4fmpk,2.299999952316284,2.299999952316284,2.299999952316284,128,128,128,2.299999952316284,1.0,294.3999938964844,uint16,7,1.0
xvhagkc4,2.299999952316284,2.299999952316284,2.299999952316284,128,128,128,2.299999952316284,1.0,294.3999938964844,uint16,7,0.0
lorxdtg5,2.299999952316284,2.299999952316284,2.299999952316284,128,128,128,2.299999952316284,1.0,294.3999938964844,uint16,7,0.0
nqjqijc1,2.299999952316284,2.299999952316284,2.299999952316284,128,128,128,2.299999952316284,1.0,294.3999938964844,uint16,7,0.0
ydmt8vt4,2.299999952316284,2.299999952316284,2.299999952316284,128,128,128,2.299999952316284,1.0,294.3999938964844,uint16,7,1.0
3pt5r5rc,2.299999952316284,2.299999952316284,2.299999952316284,128,128,128,2.299999952316284,1.0,294.3999938964844,uint16,7,0.0
6zs62ywe,2.299999952316284,2.299999952316284,2.299999952316284,128,128,128,2.299999952316284,1.0,294.3999938964844,uint16,7,1.0
1g983ep9,2.299999952316284,2.299999952316284,2.299999952316284,128,128,128,2.299999952316284,1.0,294.3999938964844,uint16,7,1.0
p9w4j66c,2.299999952316284,2.299999952316284,2.299999952316284,128,128,128,2.299999952316284,1.0,294.3999938964844,uint16,7,0.0
noljq52w,2.299999952316284,2.299999952316284,2.299999952316284,128,128,128,2.299999952316284,1.0,294.3999938964844,uint16,7,0.0
spofv177,2.299999952316284,2.299999952316284,2.299999952316284,128,128,128,2.299999952316284,1.0,294.3999938964844,uint16,7,0.0
udktmonr,2.299999952316284,2.299999952316284,2.299999952316284,128,128,128,2.299999952316284,1.0,294.3999938964844,uint16,7,1.0
vbjfvyb6,2.299999952316284,2.299999952316284,2.299999952316284,128,128,128,2.299999952316284,1.0,294.3999938964844,uint16,7,0.0
li076a3k,2.299999952316284,2.299999952316284,2.299999952316284,128,128,128,2.299999952316284,1.0,294.3999938964844,uint16,7,1.0
krzd5e9p,2.299999952316284,2.299999952316284,2.299999952316284,128,128,128,2.299999952316284,1.0,294.3999938964844,uint16,7,0.0
3jpxgh30,2.299999952316284,2.299999952316284,2.299999952316284,128,128,128,2.299999952316284,1.0,294.3999938964844,uint16,7,0.0
153sflse,2.299999952316284,2.299999952316284,2.299999952316284,128,128,128,2.299999952316284,1.0,294.3999938964844,uint16,7,1.0
45bg34iq,2.299999952316284,2.299999952316284,2.299999952316284,128,128,128,2.299999952316284,1.0,294.3999938964844,uint16,7,0.0
7zj3sweb,2.299999952316284,2.299999952316284,2.299999952316284,128,128,128,2.299999952316284,1.0,294.3999938964844,uint16,7,0.0
nvg5vmf6,2.299999952316284,2.299999952316284,2.299999952316284,128,128,128,2.299999952316284,1.0,294.3999938964844,uint16,7,0.0
0yknfu84,2.299999952316284,2.299999952316284,2.299999952316284,128,128,128,2.299999952316284,1.0,294.3999938964844,uint16,7,1.0
xyjoa21a,2.299999952316284,2.299999952316284,2.299999952316284,128,128,128,2.299999952316284,1.0,294.3999938964844,uint16,7,1.0
6xvaj2k8,2.299999952316284,2.299999952316284,2.299999952316284,128,128,128,2.299999952316284,1.0,294.3999938964844,uint16,7,1.0
xpnmjqy3,2.299999952316284,2.299999952316284,2.299999952316284,128,128,128,2.299999952316284,1.0,294.3999938964844,uint16,7,1.0
odsx4nxv,2.299999952316284,2.299999952316284,2.299999952316284,128,128,128,2.299999952316284,1.0,294.3999938964844,uint16,7,0.0
kdc9x5jz,2.299999952316284,2.299999952316284,2.299999952316284,128,128,128,2.299999952316284,1.0,294.3999938964844,uint16,7,1.0
6kf1622v,2.299999952316284,2.299999952316284,2.299999952316284,128,128,128,2.299999952316284,1.0,294.3999938964844,uint16,7,1.0
xyzx9jpn,2.299999952316284,2.299999952316284,2.299999952316284,128,128,128,2.299999952316284,1.0,294.3999938964844,uint16,7,1.0
bzug0it2,2.299999952316284,2.299999952316284,2.299999952316284,128,128,128,2.299999952316284,1.0,294.3999938964844,uint16,7,1.0
6ys445gd,2.299999952316284,2.299999952316284,2.299999952316284,128,128,128,2.299999952316284,1.0,294.3999938964844,uint16,7,0.0
ej31gymd,2.299999952316284,2.299999952316284,2.299999952316284,128,128,128,2.299999952316284,1.0,294.3999938964844,uint16,7,0.0
m0l2ljk4,2.299999952316284,2.299999952316284,2.299999952316284,128,128,128,2.299999952316284,1.0,294.3999938964844,uint16,7,0.0
q5v7c6s5,2.299999952316284,2.299999952316284,2.299999952316284,128,128,128,2.299999952316284,1.0,294.3999938964844,uint16,7,1.0
nkb4ehou,2.299999952316284,2.299999952316284,2.299999952316284,128,128,128,2.299999952316284,1.0,294.3999938964844,uint16,7,1.0
6qlz2rwg,2.299999952316284,2.299999952316284,2.299999952316284,128,128,128,2.299999952316284,1.0,294.3999938964844,uint16,7,1.0
waj1g1r1,2.299999952316284,2.299999952316284,2.299999952316284,128,128,128,2.299999952316284,1.0,294.3999938964844,uint16,7,1.0
dwwo8nbh,2.299999952316284,2.299999952316284,2.299999952316284,128,128,128,2.299999952316284,1.0,294.3999938964844,uint16,7,1.0
nal3gywi,2.299999952316284,2.299999952316284,2.299999952316284,128,128,128,2.299999952316284,1.0,294.3999938964844,uint16,7,1.0
ymenvg3k,2.299999952316284,2.299999952316284,2.299999952316284,128,128,128,2.299999952316284,1.0,294.3999938964844,uint16,7,1.0
k0vm59m6,2.299999952316284,2.299999952316284,2.299999952316284,128,128,128,2.299999952316284,1.0,294.3999938964844,uint16,7,1.0
mg87oi0e,2.299999952316284,2.299999952316284,2.299999952316284,128,128,128,2.299999952316284,1.0,294.3999938964844,uint16,7,0.0
0vgnxb5j,2.299999952316284,2.299999952316284,2.299999952316284,128,128,128,2.299999952316284,1.0,294.3999938964844,uint16,7,0.0
tb9xxayp,2.299999952316284,2.299999952316284,2.299999952316284,128,128,128,2.299999952316284,1.0,294.3999938964844,uint16,7,0.0
ntrfzwkx,2.299999952316284,2.299999952316284,2.299999952316284,128,128,128,2.299999952316284,1.0,294.3999938964844,uint16,7,1.0
xjve3dze,2.299999952316284,2.299999952316284,2.299999952316284,128,128,128,2.299999952316284,1.0,294.3999938964844,uint16,7,1.0
edhhjshz,2.299999952316284,2.299999952316284,2.299999952316284,128,128,128,2.299999952316284,1.0,294.3999938964844,uint16,7,0.0
kbrh7lay,2.299999952316284,2.299999952316284,2.299999952316284,128,128,128,2.299999952316284,1.0,294.3999938964844,uint16,7,0.0
64yfds0d,2.299999952316284,2.299999952316284,2.299999952316284,128,128,128,2.299999952316284,1.0,294.3999938964844,uint16,7,0.0
ji9kqdgb,2.299999952316284,2.299999952316284,2.299999952316284,128,128,128,2.299999952316284,1.0,294.3999938964844,uint16,7,0.0
k2l0d1b4,2.299999952316284,2.299999952316284,2.299999952316284,128,128,128,2.299999952316284,1.0,294.3999938964844,uint16,7,1.0
xgmpw5d3,2.299999952316284,2.299999952316284,2.299999952316284,128,128,128,2.299999952316284,1.0,294.3999938964844,uint16,7,0.0
go8jn42x,2.299999952316284,2.299999952316284,2.299999952316284,128,128,128,2.299999952316284,1.0,294.3999938964844,uint16,7,0.0
2ezc7fov,2.299999952316284,2.299999952316284,2.299999952316284,128,128,128,2.299999952316284,1.0,294.3999938964844,uint16,7,1.0
2ygnmby4,2.299999952316284,2.299999952316284,2.299999952316284,128,128,128,2.299999952316284,1.0,294.3999938964844,uint16,7,0.0
9e7eobjl,2.299999952316284,2.299999952316284,2.299999952316284,128,128,128,2.299999952316284,1.0,294.3999938964844,uint16,7,1.0
zy1uu9ym,2.299999952316284,2.299999952316284,2.299999952316284,128,128,128,2.299999952316284,1.0,294.3999938964844,uint16,7,1.0
szdximyn,2.299999952316284,2.299999952316284,2.299999952316284,128,128,128,2.299999952316284,1.0,294.3999938964844,uint16,7,1.0
4u9bxf44,2.299999952316284,2.299999952316284,2.299999952316284,128,128,128,2.299999952316284,1.0,294.3999938964844,uint16,7,1.0
5cri8bix,2.299999952316284,2.299999952316284,2.299999952316284,128,128,128,2.299999952316284,1.0,294.3999938964844,uint16,7,0.0
oiq2q4qe,2.299999952316284,2.299999952316284,2.299999952316284,128,128,128,2.299999952316284,1.0,294.3999938964844,uint16,7,1.0
rxdouadv,2.299999952316284,2.299999952316284,2.299999952316284,128,128,128,2.299999952316284,1.0,294.3999938964844,uint16,7,1.0
ei3zrrhf,2.4600000381469727,2.4600000381469727,2.4600000381469727,256,256,256,2.4600000381469727,1.0,629.760009765625,uint16,1,1.0
4abufwbu,2.4600000381469727,2.4600000381469727,2.4600000381469727,256,256,256,2.4600000381469727,1.0,629.760009765625,uint16,1,1.0
cjg8vuaz,2.4600000381469727,2.4600000381469727,2.4600000381469727,256,256,256,2.4600000381469727,1.0,629.760009765625,uint16,1,1.0
xkdq95g3,2.4600000381469727,2.4600000381469727,2.4600000381469727,256,256,256,2.4600000381469727,1.0,629.760009765625,uint16,1,1.0
v23gxj0m,2.4600000381469727,2.4600000381469727,2.4600000381469727,256,256,256,2.4600000381469727,1.0,629.760009765625,uint16,1,1.0
qvindh4s,2.4600000381469727,2.4600000381469727,2.4600000381469727,256,256,256,2.4600000381469727,1.0,629.760009765625,uint16,1,0.0
pfdrwb2s,2.4600000381469727,2.4600000381469727,2.4600000381469727,256,256,256,2.4600000381469727,1.0,629.760009765625,uint16,1,0.0
erev361x,2.4600000381469727,2.4600000381469727,2.4600000381469727,256,256,256,2.4600000381469727,1.0,629.760009765625,uint16,1,0.0
snbti22n,2.4600000381469727,2.4600000381469727,2.4600000381469727,256,256,256,2.4600000381469727,1.0,629.760009765625,uint16,1,1.0
v01zderi,2.4600000381469727,2.4600000381469727,2.4600000381469727,256,256,256,2.4600000381469727,1.0,629.760009765625,uint16,1,1.0
4k5ogz2u,2.4600000381469727,2.4600000381469727,2.4600000381469727,256,256,256,2.4600000381469727,1.0,629.760009765625,uint16,1,1.0
eaxylnfx,2.4600000381469727,2.4600000381469727,2.4600000381469727,256,256,256,2.4600000381469727,1.0,629.760009765625,uint16,1,0.0
j4pnjy1o,2.4600000381469727,2.4600000381469727,2.4600000381469727,256,256,256,2.4600000381469727,1.0,629.760009765625,uint16,1,1.0
2rntjlmz,2.4600000381469727,2.4600000381469727,2.4600000381469727,256,256,256,2.4600000381469727,1.0,629.760009765625,uint16,1,1.0
04x0qzfh,2.4600000381469727,2.4600000381469727,2.4600000381469727,256,256,256,2.4600000381469727,1.0,629.760009765625,uint16,1,0.0
omtzzf8a,2.4600000381469727,2.4600000381469727,2.4600000381469727,256,256,256,2.4600000381469727,1.0,629.760009765625,uint16,1,1.0
df7pchcb,2.4600000381469727,2.4600000381469727,2.4600000381469727,256,256,256,2.4600000381469727,1.0,629.760009765625,uint16,1,1.0
n9wszv83,2.4600000381469727,2.4600000381469727,2.4600000381469727,256,256,256,2.4600000381469727,1.0,629.760009765625,uint16,1,1.0
xphx2kbv,2.4600000381469727,2.4600000381469727,2.4600000381469727,256,256,256,2.4600000381469727,1.0,629.760009765625,uint16,1,0.0
sigbiaf9,2.4600000381469727,2.4600000381469727,2.4600000381469727,256,256,256,2.4600000381469727,1.0,629.760009765625,uint16,1,1.0
2movs0cd,2.4600000381469727,2.4600000381469727,2.4600000381469727,256,256,256,2.4600000381469727,1.0,629.760009765625,uint16,1,1.0
k36m8jvh,2.4600000381469727,2.4600000381469727,2.4600000381469727,256,256,256,2.4600000381469727,1.0,629.760009765625,uint16,1,1.0
7ujodck8,2.4600000381469727,2.4600000381469727,2.4600000381469727,256,256,256,2.4600000381469727,1.0,629.760009765625,uint16,1,1.0
2853uy8u,2.4600000381469727,2.4600000381469727,2.4600000381469727,256,256,256,2.4600000381469727,1.0,629.760009765625,uint16,1,0.0
118qqvae,2.4600000381469727,2.4600000381469727,2.4600000381469727,256,256,256,2.4600000381469727,1.0,629.760009765625,uint16,1,1.0
cw9yil8s,2.4600000381469727,2.4600000381469727,2.4600000381469727,256,256,256,2.4600000381469727,1.0,629.760009765625,uint16,1,1.0
a3idy3c7,2.4600000381469727,2.4600000381469727,2.4600000381469727,256,256,256,2.4600000381469727,1.0,629.760009765625,uint16,1,0.0
rm6j8y6r,2.4600000381469727,2.4600000381469727,2.4600000381469727,256,256,256,2.4600000381469727,1.0,629.760009765625,uint16,1,0.0
h05hhiwf,2.4600000381469727,2.4600000381469727,2.4600000381469727,256,256,256,2.4600000381469727,1.0,629.760009765625,uint16,1,0.0
d7yxw1tb,2.4600000381469727,2.4600000381469727,2.4600000381469727,256,256,256,2.4600000381469727,1.0,629.760009765625,uint16,1,1.0
rwr965r9,2.4600000381469727,2.4600000381469727,2.4600000381469727,256,256,256,2.4600000381469727,1.0,629.760009765625,uint16,1,1.0
6khub2rt,2.4600000381469727,2.4600000381469727,2.4600000381469727,256,256,256,2.4600000381469727,1.0,629.760009765625,uint16,1,0.0
soyg9zqy,2.4600000381469727,2.4600000381469727,2.4600000381469727,256,256,256,2.4600000381469727,1.0,629.760009765625,uint16,1,1.0
ahulwjti,2.4600000381469727,2.4600000381469727,2.4600000381469727,256,256,256,2.4600000381469727,1.0,629.760009765625,uint16,1,0.0
qwnrhzn4,2.4600000381469727,2.4600000381469727,2.4600000381469727,256,256,256,2.4600000381469727,1.0,629.760009765625,uint16,1,1.0
kgeuidji,2.4600000381469727,2.4600000381469727,2.4600000381469727,256,256,256,2.4600000381469727,1.0,629.760009765625,uint16,1,1.0
pnf8f3gr,2.4600000381469727,2.4600000381469727,2.4600000381469727,256,256,256,2.4600000381469727,1.0,629.760009765625,uint16,1,1.0
94sz2kuu,2.4600000381469727,2.4600000381469727,2.4600000381469727,256,256,256,2.4600000381469727,1.0,629.760009765625,uint16,1,1.0
oyc3rwqm,2.4600000381469727,2.4600000381469727,2.4600000381469727,256,256,256,2.4600000381469727,1.0,629.760009765625,uint16,1,1.0
mu7jae58,2.4600000381469727,2.4600000381469727,2.4600000381469727,256,256,256,2.4600000381469727,1.0,629.760009765625,uint16,1,1.0
huxg2myr,2.4600000381469727,2.4600000381469727,2.4600000381469727,256,256,256,2.4600000381469727,1.0,629.760009765625,uint16,1,0.0
06nkwfg3,2.4600000381469727,2.4600000381469727,2.4600000381469727,256,256,256,2.4600000381469727,1.0,629.760009765625,uint16,1,0.0
mwu4cfil,2.4600000381469727,2.4600000381469727,2.4600000381469727,256,256,256,2.4600000381469727,1.0,629.760009765625,uint16,1,1.0
kjxjq5nv,2.4600000381469727,2.4600000381469727,2.4600000381469727,256,256,256,2.4600000381469727,1.0,629.760009765625,uint16,1,1.0
8oga0x7z,2.4600000381469727,2.4600000381469727,2.4600000381469727,256,256,256,2.4600000381469727,1.0,629.760009765625,uint16,1,1.0
cgdc5tao,2.4600000381469727,2.4600000381469727,2.4600000381469727,256,256,256,2.4600000381469727,1.0,629.760009765625,uint16,1,1.0
1cjfx5li,2.4600000381469727,2.4600000381469727,2.4600000381469727,256,256,256,2.4600000381469727,1.0,629.760009765625,uint16,1,0.0
kwe4bx4l,2.4600000381469727,2.4600000381469727,2.4600000381469727,256,256,256,2.4600000381469727,1.0,629.760009765625,uint16,1,1.0
r9tjq8zg,2.4600000381469727,2.4600000381469727,2.4600000381469727,256,256,256,2.4600000381469727,1.0,629.760009765625,uint16,1,1.0
vwwusxlm,2.4600000381469727,2.4600000381469727,2.4600000381469727,256,256,256,2.4600000381469727,1.0,629.760009765625,uint16,1,0.0
t2pnjka3,2.4600000381469727,2.4600000381469727,2.4600000381469727,256,256,256,2.4600000381469727,1.0,629.760009765625,uint16,1,1.0
4mqa78ra,2.4600000381469727,2.4600000381469727,2.4600000381469727,256,256,256,2.4600000381469727,1.0,629.760009765625,uint16,1,1.0
pkianouo,2.4600000381469727,2.4600000381469727,2.4600000381469727,256,256,256,2.4600000381469727,1.0,629.760009765625,uint16,1,0.0
f0onjpi1,2.4600000381469727,2.4600000381469727,2.4600000381469727,256,256,256,2.4600000381469727,1.0,629.760009765625,uint16,1,1.0
63yk03o4,2.4600000381469727,2.4600000381469727,2.4600000381469727,256,256,256,2.4600000381469727,1.0,629.760009765625,uint16,1,1.0
gkwwjwga,2.4600000381469727,2.4600000381469727,2.4600000381469727,256,256,256,2.4600000381469727,1.0,629.760009765625,uint16,1,0.0
btgdjz0i,2.4600000381469727,2.4600000381469727,2.4600000381469727,256,256,256,2.4600000381469727,1.0,629.760009765625,uint16,1,0.0
frml29q2,2.4600000381469727,2.4600000381469727,2.4600000381469727,256,256,256,2.4600000381469727,1.0,629.760009765625,uint16,1,1.0
l48c1cqg,2.4600000381469727,2.4600000381469727,2.4600000381469727,256,256,256,2.4600000381469727,1.0,629.760009765625,uint16,1,0.0
433e1i1p,2.4600000381469727,2.4600000381469727,2.4600000381469727,256,256,256,2.4600000381469727,1.0,629.760009765625,uint16,1,1.0
0bq1s9ry,2.4600000381469727,2.4600000381469727,2.4600000381469727,256,256,256,2.4600000381469727,1.0,629.760009765625,uint16,1,1.0
llwb7sjw,2.4600000381469727,2.4600000381469727,2.4600000381469727,256,256,256,2.4600000381469727,1.0,629.760009765625,uint16,1,0.0
h55hewlg,2.4600000381469727,2.4600000381469727,2.4600000381469727,256,256,256,2.4600000381469727,1.0,629.760009765625,uint16,1,1.0
je2ab2rv,2.4600000381469727,2.4600000381469727,2.4600000381469727,256,256,256,2.4600000381469727,1.0,629.760009765625,uint16,1,1.0
ndfdw79w,2.4600000381469727,2.4600000381469727,2.4600000381469727,256,256,256,2.4600000381469727,1.0,629.760009765625,uint16,1,1.0
cxz2ei92,2.4600000381469727,2.4600000381469727,2.4600000381469727,256,256,256,2.4600000381469727,1.0,629.760009765625,uint16,1,1.0
12pgyme6,2.4600000381469727,2.4600000381469727,2.4600000381469727,256,256,256,2.4600000381469727,1.0,629.760009765625,uint16,1,1.0
rpkzggm0,2.4600000381469727,2.4600000381469727,2.4600000381469727,256,256,256,2.4600000381469727,1.0,629.760009765625,uint16,1,1.0
j36tcfkj,2.4600000381469727,2.4600000381469727,2.4600000381469727,256,256,256,2.4600000381469727,1.0,629.760009765625,uint16,1,1.0
nawnga41,2.4600000381469727,2.4600000381469727,2.4600000381469727,256,256,256,2.4600000381469727,1.0,629.760009765625,uint16,1,1.0
izxtnsrt,2.4600000381469727,2.4600000381469727,2.4600000381469727,256,256,256,2.4600000381469727,1.0,629.760009765625,uint16,1,1.0
wlxdsc4e,2.4600000381469727,2.4600000381469727,2.4600000381469727,256,256,256,2.4600000381469727,1.0,629.760009765625,uint16,1,1.0
5hrdu4xs,2.4600000381469727,2.4600000381469727,2.4600000381469727,256,256,256,2.4600000381469727,1.0,629.760009765625,uint16,1,1.0
zjnvc7hr,2.4600000381469727,2.4600000381469727,2.4600000381469727,256,256,256,2.4600000381469727,1.0,629.760009765625,uint16,1,1.0
6c2cu7on,2.4600000381469727,2.4600000381469727,2.4600000381469727,256,256,256,2.4600000381469727,1.0,629.760009765625,uint16,1,1.0
z3jbck88,2.4600000381469727,2.4600000381469727,2.4600000381469727,256,256,256,2.4600000381469727,1.0,629.760009765625,uint16,1,1.0
d0tgsiwg,2.4600000381469727,2.4600000381469727,2.4600000381469727,256,256,256,2.4600000381469727,1.0,629.760009765625,uint16,1,1.0
0odwmqx5,2.4600000381469727,2.4600000381469727,2.4600000381469727,256,256,256,2.4600000381469727,1.0,629.760009765625,uint16,1,1.0
ggomf9pm,2.4600000381469727,2.4600000381469727,2.4600000381469727,256,256,256,2.4600000381469727,1.0,629.760009765625,uint16,1,1.0
l9ln1p0v,2.4600000381469727,2.4600000381469727,2.4600000381469727,256,256,256,2.4600000381469727,1.0,629.760009765625,uint16,1,1.0
uh17j8qo,2.4600000381469727,2.4600000381469727,2.4600000381469727,256,256,256,2.4600000381469727,1.0,629.760009765625,uint16,1,0.0
09vs9kkh,2.4600000381469727,2.4600000381469727,2.4600000381469727,256,256,256,2.4600000381469727,1.0,629.760009765625,uint16,1,1.0
4a3yjtu7,2.4600000381469727,2.4600000381469727,2.4600000381469727,256,256,256,2.4600000381469727,1.0,629.760009765625,uint16,1,1.0
fbmenui3,2.4600000381469727,2.4600000381469727,2.4600000381469727,256,256,256,2.4600000381469727,1.0,629.760009765625,uint16,1,1.0
do7002g3,2.4600000381469727,2.4600000381469727,2.4600000381469727,256,256,256,2.4600000381469727,1.0,629.760009765625,uint16,1,1.0
yu6vk0uc,2.4600000381469727,2.4600000381469727,2.4600000381469727,256,256,256,2.4600000381469727,1.0,629.760009765625,uint16,1,1.0
c1m3o55i,2.4600000381469727,2.4600000381469727,2.4600000381469727,256,256,256,2.4600000381469727,1.0,629.760009765625,uint16,1,1.0
xva1nkbt,2.4600000381469727,2.4600000381469727,2.4600000381469727,256,256,256,2.4600000381469727,1.0,629.760009765625,uint16,1,1.0
fshb0oqv,2.4600000381469727,2.4600000381469727,2.4600000381469727,256,256,256,2.4600000381469727,1.0,629.760009765625,uint16,1,1.0
shkoecub,2.4600000381469727,2.4600000381469727,2.4600000381469727,256,256,256,2.4600000381469727,1.0,629.760009765625,uint16,1,1.0
ods1eeur,2.4600000381469727,2.4600000381469727,2.4600000381469727,256,256,256,2.4600000381469727,1.0,629.760009765625,uint16,1,1.0
xhw0ic1l,2.4600000381469727,2.4600000381469727,2.4600000381469727,256,256,256,2.4600000381469727,1.0,629.760009765625,uint16,1,1.0
7dypmlva,2.4600000381469727,2.4600000381469727,2.4600000381469727,256,256,256,2.4600000381469727,1.0,629.760009765625,uint16,1,1.0
k9w9pfb3,2.4600000381469727,2.4600000381469727,2.4600000381469727,256,256,256,2.4600000381469727,1.0,629.760009765625,uint16,1,0.0
hn14eb87,2.4600000381469727,2.4600000381469727,2.4600000381469727,256,256,256,2.4600000381469727,1.0,629.760009765625,uint16,1,1.0
53ayeqah,2.4600000381469727,2.4600000381469727,2.4600000381469727,256,256,256,2.4600000381469727,1.0,629.760009765625,uint16,1,1.0
thsjr0fz,2.4600000381469727,2.4600000381469727,2.4600000381469727,256,256,256,2.4600000381469727,1.0,629.760009765625,uint16,1,1.0
auxbgk2w,2.4600000381469727,2.4600000381469727,2.4600000381469727,256,256,256,2.4600000381469727,1.0,629.760009765625,uint16,1,1.0
bxanj4x5,2.4600000381469727,2.4600000381469727,2.4600000381469727,256,256,256,2.4600000381469727,1.0,629.760009765625,uint16,1,1.0
a5xin9dl,2.4600000381469727,2.4600000381469727,2.4600000381469727,256,256,256,2.4600000381469727,1.0,629.760009765625,uint16,1,1.0
5tgsq7ai,2.4600000381469727,2.4600000381469727,2.4600000381469727,256,256,256,2.4600000381469727,1.0,629.760009765625,uint16,1,1.0
tmofmmwi,2.4600000381469727,2.4600000381469727,2.4600000381469727,256,256,256,2.4600000381469727,1.0,629.760009765625,uint16,1,0.0
9s3w563b,2.4600000381469727,2.4600000381469727,2.4600000381469727,256,256,256,2.4600000381469727,1.0,629.760009765625,uint16,1,1.0
tkf6xdn8,2.4600000381469727,2.4600000381469727,2.4600000381469727,256,256,256,2.4600000381469727,1.0,629.760009765625,uint16,1,1.0
wwiif86l,2.4600000381469727,2.4600000381469727,2.4600000381469727,256,256,256,2.4600000381469727,1.0,629.760009765625,uint16,1,1.0
thet25lz,2.4600000381469727,2.4600000381469727,2.4600000381469727,256,256,256,2.4600000381469727,1.0,629.760009765625,uint16,1,1.0
se99f77l,2.4600000381469727,2.4600000381469727,2.4600000381469727,256,256,256,2.4600000381469727,1.0,629.760009765625,uint16,1,0.0
u8el5015,2.4600000381469727,2.4600000381469727,2.4600000381469727,256,256,256,2.4600000381469727,1.0,629.760009765625,uint16,1,1.0
oop767j2,2.4600000381469727,2.4600000381469727,2.4600000381469727,256,256,256,2.4600000381469727,1.0,629.760009765625,uint16,1,1.0
dg1wjuii,2.4600000381469727,2.4600000381469727,2.4600000381469727,256,256,256,2.4600000381469727,1.0,629.760009765625,uint16,1,1.0
ymyrsvzn,2.4600000381469727,2.4600000381469727,2.4600000381469727,256,256,256,2.4600000381469727,1.0,629.760009765625,uint16,1,1.0
4regb1aj,2.4600000381469727,2.4600000381469727,2.4600000381469727,256,256,256,2.4600000381469727,1.0,629.760009765625,uint16,1,1.0
o091c795,2.4600000381469727,2.4600000381469727,2.4600000381469727,256,256,256,2.4600000381469727,1.0,629.760009765625,uint16,1,1.0
rlqiob0n,2.4600000381469727,2.4600000381469727,2.4600000381469727,256,256,256,2.4600000381469727,1.0,629.760009765625,uint16,1,1.0
lw0vs52s,2.4600000381469727,2.4600000381469727,2.4600000381469727,256,256,256,2.4600000381469727,1.0,629.760009765625,uint16,1,1.0
q3b9so0u,2.4600000381469727,2.4600000381469727,2.4600000381469727,256,256,256,2.4600000381469727,1.0,629.760009765625,uint16,1,1.0
swbkok3q,2.4600000381469727,2.4600000381469727,2.4600000381469727,256,256,256,2.4600000381469727,1.0,629.760009765625,uint16,1,1.0
pwbsf3q0,2.4600000381469727,2.4600000381469727,2.4600000381469727,256,256,256,2.4600000381469727,1.0,629.760009765625,uint16,1,1.0
e27zeoqg,2.4600000381469727,2.4600000381469727,2.4600000381469727,256,256,256,2.4600000381469727,1.0,629.760009765625,uint16,1,1.0
vzhqjy62,2.4600000381469727,2.4600000381469727,2.4600000381469727,256,256,256,2.4600000381469727,1.0,629.760009765625,uint16,1,1.0
zeeqnsn2,2.4600000381469727,2.4600000381469727,2.4600000381469727,256,256,256,2.4600000381469727,1.0,629.760009765625,uint16,1,1.0
s8nn16ux,2.4600000381469727,2.4600000381469727,2.4600000381469727,256,256,256,2.4600000381469727,1.0,629.760009765625,uint16,1,0.0
f5gzpl1q,2.4600000381469727,2.4600000381469727,2.4600000381469727,256,256,256,2.4600000381469727,1.0,629.760009765625,uint16,1,0.0
weehwjq4,2.4600000381469727,2.4600000381469727,2.4600000381469727,256,256,256,2.4600000381469727,1.0,629.760009765625,uint16,1,1.0
ta5ivroc,2.4600000381469727,2.4600000381469727,2.4600000381469727,256,256,256,2.4600000381469727,1.0,629.760009765625,uint16,1,1.0
vitwu3bf,2.4600000381469727,2.4600000381469727,2.4600000381469727,256,256,256,2.4600000381469727,1.0,629.760009765625,uint16,1,1.0
xb4y4k7b,2.4600000381469727,2.4600000381469727,2.4600000381469727,256,256,256,2.4600000381469727,1.0,629.760009765625,uint16,1,0.0
pgyvyv2g,2.4600000381469727,2.4600000381469727,2.4600000381469727,256,256,256,2.4600000381469727,1.0,629.760009765625,uint16,1,1.0
qu7dknnc,2.4600000381469727,2.4600000381469727,2.4600000381469727,256,256,256,2.4600000381469727,1.0,629.760009765625,uint16,1,0.0
ptkezjss,2.4600000381469727,2.4600000381469727,2.4600000381469727,256,256,256,2.4600000381469727,1.0,629.760009765625,uint16,1,0.0
zwd0w9ry,2.4600000381469727,2.4600000381469727,2.4600000381469727,256,256,256,2.4600000381469727,1.0,629.760009765625,uint16,1,0.0
79kvls9m,2.4600000381469727,2.4600000381469727,2.4600000381469727,256,256,256,2.4600000381469727,1.0,629.760009765625,uint16,1,0.0
euswrgvz,2.4600000381469727,2.4600000381469727,2.4600000381469727,256,256,256,2.4600000381469727,1.0,629.760009765625,uint16,1,0.0
9aawe429,2.4600000381469727,2.4600000381469727,2.4600000381469727,256,256,256,2.4600000381469727,1.0,629.760009765625,uint16,1,0.0
omuwahk2,2.4600000381469727,2.4600000381469727,2.4600000381469727,256,256,256,2.4600000381469727,1.0,629.760009765625,uint16,1,1.0
lslaym0w,2.4600000381469727,2.4600000381469727,2.4600000381469727,256,256,256,2.4600000381469727,1.0,629.760009765625,uint16,1,1.0
bglmy62x,2.4600000381469727,2.4600000381469727,2.4600000381469727,256,256,256,2.4600000381469727,1.0,629.760009765625,uint16,1,0.0
rw6tm2o0,2.4600000381469727,2.4600000381469727,2.4600000381469727,256,256,256,2.4600000381469727,1.0,629.760009765625,uint16,1,1.0
4k0lthy2,2.4600000381469727,2.4600000381469727,2.4600000381469727,256,256,256,2.4600000381469727,1.0,629.760009765625,uint16,1,1.0
5m8kb9w4,2.4600000381469727,2.4600000381469727,2.4600000381469727,256,256,256,2.4600000381469727,1.0,629.760009765625,uint16,1,1.0
uov51zlb,2.4600000381469727,2.4600000381469727,2.4600000381469727,256,256,256,2.4600000381469727,1.0,629.760009765625,uint16,1,1.0
oriq8hke,2.4600000381469727,2.4600000381469727,2.4600000381469727,256,256,256,2.4600000381469727,1.0,629.760009765625,uint16,1,1.0
226parsg,2.4600000381469727,2.4600000381469727,2.4600000381469727,256,256,256,2.4600000381469727,1.0,629.760009765625,uint16,1,0.0
70s1f537,2.4600000381469727,2.4600000381469727,2.4600000381469727,256,256,256,2.4600000381469727,1.0,629.760009765625,uint16,1,0.0
ye0qzsa7,2.4600000381469727,2.4600000381469727,2.4600000381469727,256,256,256,2.4600000381469727,1.0,629.760009765625,uint16,1,0.0
yvdqbsxl,2.4600000381469727,2.4600000381469727,2.4600000381469727,256,256,256,2.4600000381469727,1.0,629.760009765625,uint16,1,1.0
ul6lgjlp,2.4600000381469727,2.4600000381469727,2.4600000381469727,256,256,256,2.4600000381469727,1.0,629.760009765625,uint16,1,1.0
efjawshm,2.4600000381469727,2.4600000381469727,2.4600000381469727,256,256,256,2.4600000381469727,1.0,629.760009765625,uint16,1,0.0
lfzkicwm,2.4600000381469727,2.4600000381469727,2.4600000381469727,256,256,256,2.4600000381469727,1.0,629.760009765625,uint16,1,0.0
peqydbpg,2.4600000381469727,2.4600000381469727,2.4600000381469727,256,256,256,2.4600000381469727,1.0,629.760009765625,uint16,1,1.0
vv4zwl3z,2.4600000381469727,2.4600000381469727,2.4600000381469727,256,256,256,2.4600000381469727,1.0,629.760009765625,uint16,1,0.0
yt91qe37,2.4600000381469727,2.4600000381469727,2.4600000381469727,256,256,256,2.4600000381469727,1.0,629.760009765625,uint16,1,0.0
qqyzqii4,2.4600000381469727,2.4600000381469727,2.4600000381469727,256,256,256,2.4600000381469727,1.0,629.760009765625,uint16,1,0.0
w6ozx25q,2.4600000381469727,2.4600000381469727,2.4600000381469727,256,256,256,2.4600000381469727,1.0,629.760009765625,uint16,1,1.0
brmqg1ve,2.4600000381469727,2.4600000381469727,2.4600000381469727,256,256,256,2.4600000381469727,1.0,629.760009765625,uint16,1,1.0
d32lx2to,2.4600000381469727,2.4600000381469727,2.4600000381469727,256,256,256,2.4600000381469727,1.0,629.760009765625,uint16,1,0.0
owt9nm3v,2.4600000381469727,2.4600000381469727,2.4600000381469727,256,256,256,2.4600000381469727,1.0,629.760009765625,uint16,1,1.0
2p2tixc7,2.4600000381469727,2.4600000381469727,2.4600000381469727,256,256,256,2.4600000381469727,1.0,629.760009765625,uint16,1,1.0
urvqt3g8,2.4600000381469727,2.4600000381469727,2.4600000381469727,256,256,256,2.4600000381469727,1.0,629.760009765625,uint16,1,1.0
cd31nrxd,2.4600000381469727,2.4600000381469727,2.4600000381469727,256,256,256,2.4600000381469727,1.0,629.760009765625,uint16,1,0.0
356wafft,2.4600000381469727,2.4600000381469727,2.4600000381469727,256,256,256,2.4600000381469727,1.0,629.760009765625,uint16,1,0.0
ouhylu6k,2.4600000381469727,2.4600000381469727,2.4600000381469727,256,256,256,2.4600000381469727,1.0,629.760009765625,uint16,1,1.0
7p9mda9o,2.4600000381469727,2.4600000381469727,2.4600000381469727,256,256,256,2.4600000381469727,1.0,629.760009765625,uint16,1,0.0
ekntbz3m,2.4600000381469727,2.4600000381469727,2.4600000381469727,256,256,256,2.4600000381469727,1.0,629.760009765625,uint16,1,1.0
55izolnn,2.4600000381469727,2.4600000381469727,2.4600000381469727,256,256,256,2.4600000381469727,1.0,629.760009765625,uint16,1,1.0
txrgn74f,2.4600000381469727,2.4600000381469727,2.4600000381469727,256,256,256,2.4600000381469727,1.0,629.760009765625,uint16,1,1.0
9yecazrp,2.4600000381469727,2.4600000381469727,2.4600000381469727,256,256,256,2.4600000381469727,1.0,629.760009765625,uint16,1,0.0
9dxoq2vp,2.4600000381469727,2.4600000381469727,2.4600000381469727,256,256,256,2.4600000381469727,1.0,629.760009765625,uint16,1,1.0
gstqmgvu,2.4600000381469727,2.4600000381469727,2.4600000381469727,256,256,256,2.4600000381469727,1.0,629.760009765625,uint16,1,1.0
4isotn9u,2.4600000381469727,2.4600000381469727,2.4600000381469727,256,256,256,2.4600000381469727,1.0,629.760009765625,uint16,1,0.0
zeryf099,2.4600000381469727,2.4600000381469727,2.4600000381469727,256,256,256,2.4600000381469727,1.0,629.760009765625,uint16,1,1.0
2qc6dr08,2.4600000381469727,2.4600000381469727,2.4600000381469727,256,256,256,2.4600000381469727,1.0,629.760009765625,uint16,1,1.0
cw2lbm2q,2.4600000381469727,2.4600000381469727,2.4600000381469727,256,256,256,2.4600000381469727,1.0,629.760009765625,uint16,1,1.0
sq0p82kb,2.4600000381469727,2.4600000381469727,2.4600000381469727,256,256,256,2.4600000381469727,1.0,629.760009765625,uint16,1,1.0
700ucrgb,2.4600000381469727,2.4600000381469727,2.4600000381469727,256,256,256,2.4600000381469727,1.0,629.760009765625,uint16,1,0.0
93wkcs4k,2.4600000381469727,2.4600000381469727,2.4600000381469727,256,256,256,2.4600000381469727,1.0,629.760009765625,uint16,1,0.0
ek4aegvf,2.4600000381469727,2.4600000381469727,2.4600000381469727,256,256,256,2.4600000381469727,1.0,629.760009765625,uint16,1,0.0
q3jzr25m,2.4600000381469727,2.4600000381469727,2.4600000381469727,256,256,256,2.4600000381469727,1.0,629.760009765625,uint16,1,1.0
df7fr91i,2.4600000381469727,2.4600000381469727,2.4600000381469727,256,256,256,2.4600000381469727,1.0,629.760009765625,uint16,1,1.0
pwh0mx1e,2.4600000381469727,2.4600000381469727,2.4600000381469727,256,256,256,2.4600000381469727,1.0,629.760009765625,uint16,1,0.0
gok01tnz,2.4600000381469727,2.4600000381469727,2.4600000381469727,256,256,256,2.4600000381469727,1.0,629.760009765625,uint16,1,1.0
rf5a7qy8,2.4600000381469727,2.4600000381469727,2.4600000381469727,256,256,256,2.4600000381469727,1.0,629.760009765625,uint16,1,1.0
yb7w8p74,2.4600000381469727,2.4600000381469727,2.4600000381469727,256,256,256,2.4600000381469727,1.0,629.760009765625,uint16,1,1.0
mjdxo100,2.4600000381469727,2.4600000381469727,2.4600000381469727,256,256,256,2.4600000381469727,1.0,629.760009765625,uint16,1,0.0
vhmygty3,2.4600000381469727,2.4600000381469727,2.4600000381469727,256,256,256,2.4600000381469727,1.0,629.760009765625,uint16,1,1.0
addqhkga,2.4600000381469727,2.4600000381469727,2.4600000381469727,256,256,256,2.4600000381469727,1.0,629.760009765625,uint16,1,1.0
d7x48wze,2.4600000381469727,2.4600000381469727,2.4600000381469727,256,256,256,2.4600000381469727,1.0,629.760009765625,uint16,1,0.0
4ex6u86z,2.4600000381469727,2.4600000381469727,2.4600000381469727,256,256,256,2.4600000381469727,1.0,629.760009765625,uint16,1,1.0
jq7w7jp6,2.4600000381469727,2.4600000381469727,2.4600000381469727,256,256,256,2.4600000381469727,1.0,629.760009765625,uint16,1,1.0
1lfc1nlc,2.4600000381469727,2.4600000381469727,2.4600000381469727,256,256,256,2.4600000381469727,1.0,629.760009765625,uint16,1,0.0
8jpr7vgr,2.4600000381469727,2.4600000381469727,2.4600000381469727,256,256,256,2.4600000381469727,1.0,629.760009765625,uint16,1,1.0
f1hx6zdc,2.4600000381469727,2.4600000381469727,2.4600000381469727,256,256,256,2.4600000381469727,1.0,629.760009765625,uint16,1,1.0
ujq6fx7x,2.4600000381469727,2.4600000381469727,2.4600000381469727,256,256,256,2.4600000381469727,1.0,629.760009765625,uint16,1,1.0
jz6us7rp,2.4600000381469727,2.4600000381469727,2.4600000381469727,256,256,256,2.4600000381469727,1.0,629.760009765625,uint16,1,1.0
422ta83r,2.4600000381469727,2.4600000381469727,2.4600000381469727,256,256,256,2.4600000381469727,1.0,629.760009765625,uint16,1,0.0
t8cq1xgb,3.8953697681427,3.8953697681427,3.9000000953674316,128,128,37,3.896913210550944,1.001188674631764,380.50488805770874,uint16,2,1.0
ngz6wmdw,3.8953697681427,3.8953697681427,3.9000000953674316,128,128,35,3.896913210550944,1.001188674631764,377.90488799413043,uint16,2,1.0
0fgzvrct,3.8953697681427,3.8953697681427,3.9000000953674316,128,128,41,3.896913210550944,1.001188674631764,385.7048881848653,uint16,2,1.0
lt4q9bc2,3.8953697681427,3.8953697681427,3.9000000953674316,128,128,44,3.896913210550944,1.001188674631764,389.60488828023273,uint16,2,1.0
be3yqy5f,3.8953697681427,3.8953697681427,3.9000000953674316,128,128,47,3.896913210550944,1.001188674631764,393.50488837560016,uint16,2,1.0
u7bfxq7b,3.8953697681427,3.8953697681427,3.9000000953674316,128,128,38,3.896913210550944,1.001188674631764,381.80488808949787,uint16,2,1.0
zegbl2qg,3.8953697681427,3.8953697681427,3.9000000953674316,128,128,39,3.896913210550944,1.001188674631764,383.10488812128705,uint16,2,1.0
v3dr2h2p,3.8953697681427,3.8953697681427,3.9000000953674316,128,128,41,3.896913210550944,1.001188674631764,385.7048881848653,uint16,2,0.0
39yl9ue4,3.8953697681427,3.8953697681427,3.9000000953674316,128,128,40,3.896913210550944,1.001188674631764,384.4048881530762,uint16,2,0.0
21vmefoz,3.8953697681427,3.8953697681427,3.9000000953674316,128,128,38,3.896913210550944,1.001188674631764,381.80488808949787,uint16,2,1.0
tp7bd4w1,3.8953697681427,3.8953697681427,3.9000000953674316,128,128,40,3.896913210550944,1.001188674631764,384.4048881530762,uint16,2,1.0
aragdx5o,3.8953697681427,3.8953697681427,3.9000000953674316,128,128,33,3.896913210550944,1.001188674631764,375.3048879305522,uint16,2,1.0
31yhxso7,3.8953697681427,3.8953697681427,3.9000000953674316,128,128,43,3.896913210550944,1.001188674631764,388.3048882484436,uint16,2,1.0
vbgr8w2m,3.8953697681427,3.8953697681427,3.9000000953674316,128,128,38,3.896913210550944,1.001188674631764,381.80488808949787,uint16,2,1.0
aietdn1t,3.8953697681427,3.8953697681427,3.9000000953674316,128,128,48,3.896913210550944,1.001188674631764,394.80488840738934,uint16,2,1.0
h1xjg2y8,3.8953697681427,3.8953697681427,3.9000000953674316,128,128,39,3.896913210550944,1.001188674631764,383.10488812128705,uint16,2,1.0
rgybxkpm,3.8953697681427,3.8953697681427,3.9000000953674316,128,128,45,3.896913210550944,1.001188674631764,390.9048883120219,uint16,2,0.0
21b07g2r,3.8953697681427,3.8953697681427,3.9000000953674316,128,128,43,3.896913210550944,1.001188674631764,388.3048882484436,uint16,2,1.0
e6zvlhyl,3.8953697681427,3.8953697681427,3.9000000953674316,128,128,39,3.896913210550944,1.001188674631764,383.10488812128705,uint16,2,0.0
2ld05nhq,3.8953697681427,3.8953697681427,3.9000000953674316,128,128,39,3.896913210550944,1.001188674631764,383.10488812128705,uint16,2,1.0
r6f7qnez,3.8953697681427,3.8953697681427,3.9000000953674316,128,128,40,3.896913210550944,1.001188674631764,384.4048881530762,uint16,2,0.0
w9heyce4,3.8953697681427,3.8953697681427,3.9000000953674316,128,128,43,3.896913210550944,1.001188674631764,388.3048882484436,uint16,2,1.0
qgm5v2ww,3.8953697681427,3.8953697681427,3.9000000953674316,128,128,42,3.896913210550944,1.001188674631764,387.0048882166545,uint16,2,0.0
g84d4r9v,3.8953697681427,3.8953697681427,3.9000000953674316,128,128,43,3.896913210550944,1.001188674631764,388.3048882484436,uint16,2,0.0
4k00ilu6,3.8953697681427,3.8953697681427,3.9000000953674316,128,128,46,3.896913210550944,1.001188674631764,392.20488834381104,uint16,2,0.0
vfua9bq1,3.8953697681427,3.8953697681427,3.9000000953674316,128,128,46,3.896913210550944,1.001188674631764,392.20488834381104,uint16,2,1.0
btr23qiu,3.8953697681427,3.8953697681427,3.9000000953674316,128,128,36,3.896913210550944,1.001188674631764,379.2048880259196,uint16,2,1.0
a08ekxdr,3.8953697681427,3.8953697681427,3.9000000953674316,128,128,39,3.896913210550944,1.001188674631764,383.10488812128705,uint16,2,1.0
kz40aq15,3.8953697681427,3.8953697681427,3.9000000953674316,128,128,37,3.896913210550944,1.001188674631764,380.50488805770874,uint16,2,0.0
o2nqw4c6,3.8953697681427,3.8953697681427,3.9000000953674316,128,128,38,3.896913210550944,1.001188674631764,381.80488808949787,uint16,2,0.0
lbpj8t22,3.8953697681427,3.8953697681427,3.9000000953674316,128,128,43,3.896913210550944,1.001188674631764,388.3048882484436,uint16,2,0.0
c50b8y5d,3.8953697681427,3.8953697681427,3.9000000953674316,128,128,41,3.896913210550944,1.001188674631764,385.7048881848653,uint16,2,0.0
nwnguczh,3.8953697681427,3.8953697681427,3.9000000953674316,128,128,44,3.896913210550944,1.001188674631764,389.60488828023273,uint16,2,1.0
9ier7u8h,3.8953697681427,3.8953697681427,3.9000000953674316,128,128,42,3.896913210550944,1.001188674631764,387.0048882166545,uint16,2,1.0
0imjyjcm,3.8953697681427,3.8953697681427,3.9000000953674316,128,128,36,3.896913210550944,1.001188674631764,379.2048880259196,uint16,2,1.0
rsezytkw,3.8953697681427,3.8953697681427,3.9000000953674316,128,128,39,3.896913210550944,1.001188674631764,383.10488812128705,uint16,2,1.0
2837c6qc,3.8953697681427,3.8953697681427,3.9000000953674316,128,128,42,3.896913210550944,1.001188674631764,387.0048882166545,uint16,2,1.0
6k8djzr5,3.8953697681427,3.8953697681427,3.9000000953674316,128,128,36,3.896913210550944,1.001188674631764,379.2048880259196,uint16,2,1.0
swk8temp,3.8953697681427,3.8953697681427,3.9000000953674316,128,128,43,3.896913210550944,1.001188674631764,388.3048882484436,uint16,2,0.0
xkc5i8xo,3.8953697681427,3.8953697681427,3.9000000953674316,128,128,38,3.896913210550944,1.001188674631764,381.80488808949787,uint16,2,0.0
mxlvz4qk,3.8953697681427,3.8953697681427,3.9000000953674316,128,128,40,3.896913210550944,1.001188674631764,384.4048881530762,uint16,2,1.0
e2gjr81b,3.8953697681427,3.8953697681427,3.9000000953674316,128,128,42,3.896913210550944,1.001188674631764,387.0048882166545,uint16,2,0.0
mqf7zk94,3.8953697681427,3.8953697681427,3.9000000953674316,128,128,43,3.896913210550944,1.001188674631764,388.3048882484436,uint16,2,0.0
yxfiblej,3.8953697681427,3.8953697681427,3.9000000953674316,128,128,44,3.896913210550944,1.001188674631764,389.60488828023273,uint16,2,0.0
gublmntf,3.8953697681427,3.8953697681427,3.9000000953674316,128,128,39,3.896913210550944,1.001188674631764,383.10488812128705,uint16,2,0.0
k7orfqla,3.8953697681427,3.8953697681427,3.9000000953674316,128,128,40,3.896913210550944,1.001188674631764,384.4048881530762,uint16,2,1.0
09lzrk79,3.8953697681427,3.8953697681427,3.9000000953674316,128,128,49,3.896913210550944,1.001188674631764,396.10488843917847,uint16,2,0.0
ufu6py06,3.8953697681427,3.8953697681427,3.9000000953674316,128,128,39,3.896913210550944,1.001188674631764,383.10488812128705,uint16,2,1.0
ftlo4qdb,3.8953697681427,3.8953697681427,3.9000000953674316,128,128,42,3.896913210550944,1.001188674631764,387.0048882166545,uint16,2,1.0
xvh7katq,3.8953697681427,3.8953697681427,3.9000000953674316,128,128,38,3.896913210550944,1.001188674631764,381.80488808949787,uint16,2,0.0
ydshlv76,3.8953697681427,3.8953697681427,3.9000000953674316,128,128,42,3.896913210550944,1.001188674631764,387.0048882166545,uint16,2,1.0
mf4nnkm9,3.8953697681427,3.8953697681427,3.9000000953674316,128,128,43,3.896913210550944,1.001188674631764,388.3048882484436,uint16,2,1.0
5d0p92k3,3.8953697681427,3.8953697681427,3.9000000953674316,128,128,41,3.896913210550944,1.001188674631764,385.7048881848653,uint16,2,1.0
8p6fvdhr,3.8953697681427,3.8953697681427,3.9000000953674316,128,128,43,3.896913210550944,1.001188674631764,388.3048882484436,uint16,2,0.0
59c81do6,3.8953697681427,3.8953697681427,3.9000000953674316,128,128,40,3.896913210550944,1.001188674631764,384.4048881530762,uint16,2,1.0
ouz1egnt,3.8953697681427,3.8953697681427,3.9000000953674316,128,128,49,3.896913210550944,1.001188674631764,396.10488843917847,uint16,2,1.0
b34kuqaa,3.8953697681427,3.8953697681427,3.9000000953674316,128,128,47,3.896913210550944,1.001188674631764,393.50488837560016,uint16,2,1.0
j84rx6pr,3.8953697681427,3.8953697681427,3.9000000953674316,128,128,45,3.896913210550944,1.001188674631764,390.9048883120219,uint16,2,1.0
yiej9c0u,3.8953697681427,3.8953697681427,3.9000000953674316,128,128,38,3.896913210550944,1.001188674631764,381.80488808949787,uint16,2,0.0
u5wryesu,3.8953697681427,3.8953697681427,3.9000000953674316,128,128,43,3.896913210550944,1.001188674631764,388.3048882484436,uint16,2,1.0
4fcl5efj,3.8953697681427,3.8953697681427,3.9000000953674316,128,128,39,3.896913210550944,1.001188674631764,383.10488812128705,uint16,2,1.0
p6mkt7s1,3.8953697681427,3.8953697681427,3.9000000953674316,128,128,39,3.896913210550944,1.001188674631764,383.10488812128705,uint16,2,1.0
gd1t53yk,3.8953697681427,3.8953697681427,3.9000000953674316,128,128,40,3.896913210550944,1.001188674631764,384.4048881530762,uint16,2,1.0
yydu3asn,3.8953697681427,3.8953697681427,3.9000000953674316,128,128,43,3.896913210550944,1.001188674631764,388.3048882484436,uint16,2,0.0
rm6dfhg6,3.8953697681427,3.8953697681427,3.9000000953674316,128,128,43,3.896913210550944,1.001188674631764,388.3048882484436,uint16,2,1.0
w3stt1eq,3.8953697681427,3.8953697681427,3.9000000953674316,128,128,43,3.896913210550944,1.001188674631764,388.3048882484436,uint16,2,0.0
c37rln36,3.8953697681427,3.8953697681427,3.9000000953674316,128,128,41,3.896913210550944,1.001188674631764,385.7048881848653,uint16,2,1.0
v1mzb3i4,3.8953697681427,3.8953697681427,3.9000000953674316,128,128,39,3.896913210550944,1.001188674631764,383.10488812128705,uint16,2,0.0
fieecy2c,3.8953697681427,3.8953697681427,3.9000000953674316,128,128,38,3.896913210550944,1.001188674631764,381.80488808949787,uint16,2,0.0
11bd2sce,3.8953697681427,3.8953697681427,3.9000000953674316,128,128,42,3.896913210550944,1.001188674631764,387.0048882166545,uint16,2,1.0
jcy127h6,3.8953697681427,3.8953697681427,3.9000000953674316,128,128,38,3.896913210550944,1.001188674631764,381.80488808949787,uint16,2,1.0
gmd478mf,3.8953697681427,3.8953697681427,3.9000000953674316,128,128,43,3.896913210550944,1.001188674631764,388.3048882484436,uint16,2,1.0
s0iuduah,3.8953697681427,3.8953697681427,3.9000000953674316,128,128,41,3.896913210550944,1.001188674631764,385.7048881848653,uint16,2,1.0
gk6t9dhs,3.8953697681427,3.8953697681427,3.9000000953674316,128,128,49,3.896913210550944,1.001188674631764,396.10488843917847,uint16,2,1.0
znvp8gmn,3.8953697681427,3.8953697681427,3.9000000953674316,128,128,40,3.896913210550944,1.001188674631764,384.4048881530762,uint16,2,1.0
hie9ede1,3.8953697681427,3.8953697681427,3.9000000953674316,128,128,37,3.896913210550944,1.001188674631764,380.50488805770874,uint16,2,0.0
zublekvl,3.8953697681427,3.8953697681427,3.9000000953674316,128,128,43,3.896913210550944,1.001188674631764,388.3048882484436,uint16,2,0.0
9ptk4gc4,3.8953697681427,3.8953697681427,3.9000000953674316,128,128,39,3.896913210550944,1.001188674631764,383.10488812128705,uint16,2,0.0
ryg9rdpx,3.8953697681427,3.8953697681427,3.9000000953674316,128,128,38,3.896913210550944,1.001188674631764,381.80488808949787,uint16,2,1.0
dfovd79c,3.8953697681427,3.8953697681427,3.9000000953674316,128,128,43,3.896913210550944,1.001188674631764,388.3048882484436,uint16,2,1.0
9mv9e40k,3.8953697681427,3.8953697681427,3.9000000953674316,128,128,42,3.896913210550944,1.001188674631764,387.0048882166545,uint16,2,0.0
zuj2xorv,3.8953697681427,3.8953697681427,3.9000000953674316,128,128,42,3.896913210550944,1.001188674631764,387.0048882166545,uint16,2,1.0
ork1djrw,3.8953697681427,3.8953697681427,3.9000000953674316,128,128,38,3.896913210550944,1.001188674631764,381.80488808949787,uint16,2,0.0
edbcy8ny,3.8953697681427,3.8953697681427,3.9000000953674316,128,128,39,3.896913210550944,1.001188674631764,383.10488812128705,uint16,2,1.0
fwdc112h,3.8953697681427,3.8953697681427,3.9000000953674316,128,128,36,3.896913210550944,1.001188674631764,379.2048880259196,uint16,2,0.0
xrjm4t8b,3.8953697681427,3.8953697681427,3.9000000953674316,128,128,39,3.896913210550944,1.001188674631764,383.10488812128705,uint16,2,0.0
p6nlnqbu,3.8953697681427,3.8953697681427,3.9000000953674316,128,128,37,3.896913210550944,1.001188674631764,380.50488805770874,uint16,2,0.0
4kzrezrd,3.8953697681427,3.8953697681427,3.9000000953674316,128,128,44,3.896913210550944,1.001188674631764,389.60488828023273,uint16,2,0.0
yxyur4so,3.8953697681427,3.8953697681427,3.9000000953674316,128,128,42,3.896913210550944,1.001188674631764,387.0048882166545,uint16,2,1.0
r8wm9lbb,3.8953697681427,3.8953697681427,3.9000000953674316,128,128,43,3.896913210550944,1.001188674631764,388.3048882484436,uint16,2,0.0
4m0a6mdm,3.8953697681427,3.8953697681427,3.9000000953674316,128,128,44,3.896913210550944,1.001188674631764,389.60488828023273,uint16,2,0.0
mmxixv6c,3.8953697681427,3.8953697681427,3.9000000953674316,128,128,43,3.896913210550944,1.001188674631764,388.3048882484436,uint16,2,1.0
kmalq5u6,3.8953697681427,3.8953697681427,3.9000000953674316,128,128,39,3.896913210550944,1.001188674631764,383.10488812128705,uint16,2,1.0
jzv9nou3,3.8953697681427,3.8953697681427,3.9000000953674316,128,128,40,3.896913210550944,1.001188674631764,384.4048881530762,uint16,2,0.0
dyms1mwn,3.8953697681427,3.8953697681427,3.9000000953674316,128,128,42,3.896913210550944,1.001188674631764,387.0048882166545,uint16,2,1.0
pr424tkb,3.8953697681427,3.8953697681427,3.9000000953674316,128,128,45,3.896913210550944,1.001188674631764,390.9048883120219,uint16,2,0.0
9oi0d4dm,3.8953697681427,3.8953697681427,3.9000000953674316,128,128,38,3.896913210550944,1.001188674631764,381.80488808949787,uint16,2,1.0
c2rh2xk2,3.8953697681427,3.8953697681427,3.9000000953674316,128,128,40,3.896913210550944,1.001188674631764,384.4048881530762,uint16,2,1.0
pthowq1g,3.8953697681427,3.8953697681427,3.9000000953674316,128,128,47,3.896913210550944,1.001188674631764,393.50488837560016,uint16,2,0.0
az5uh80q,3.8953697681427,3.8953697681427,3.9000000953674316,128,128,37,3.896913210550944,1.001188674631764,380.50488805770874,uint16,2,0.0
7tw1puws,3.8953697681427,3.8953697681427,3.9000000953674316,128,128,38,3.896913210550944,1.001188674631764,381.80488808949787,uint16,2,1.0
nffykpl3,3.8953697681427,3.8953697681427,3.9000000953674316,128,128,43,3.896913210550944,1.001188674631764,388.3048882484436,uint16,2,1.0
cho3xjvo,3.8953697681427,3.8953697681427,3.9000000953674316,128,128,40,3.896913210550944,1.001188674631764,384.4048881530762,uint16,2,1.0
egi3qupx,3.8953697681427,3.8953697681427,3.9000000953674316,128,128,43,3.896913210550944,1.001188674631764,388.3048882484436,uint16,2,0.0
bfej2xg4,3.8953697681427,3.8953697681427,3.9000000953674316,128,128,35,3.896913210550944,1.001188674631764,377.90488799413043,uint16,2,0.0
8ra4dv56,3.8953697681427,3.8953697681427,3.9000000953674316,128,128,38,3.896913210550944,1.001188674631764,381.80488808949787,uint16,2,0.0
onxd70fe,3.8953697681427,3.8953697681427,3.9000000953674316,128,128,49,3.896913210550944,1.001188674631764,396.10488843917847,uint16,2,1.0
07s387j5,3.8953697681427,3.8953697681427,3.9000000953674316,128,128,43,3.896913210550944,1.001188674631764,388.3048882484436,uint16,2,0.0
ie3lvo0i,3.8953697681427,3.8953697681427,3.9000000953674316,128,128,42,3.896913210550944,1.001188674631764,387.0048882166545,uint16,2,1.0
pfg8pjvr,3.8953697681427,3.8953697681427,3.9000000953674316,128,128,43,3.896913210550944,1.001188674631764,388.3048882484436,uint16,2,0.0
n8lpy857,3.8953697681427,3.8953697681427,3.9000000953674316,128,128,39,3.896913210550944,1.001188674631764,383.10488812128705,uint16,2,0.0
nz3a8v4x,3.8953697681427,3.8953697681427,3.9000000953674316,128,128,39,3.896913210550944,1.001188674631764,383.10488812128705,uint16,2,0.0
7y2itl8n,3.8953697681427,3.8953697681427,3.9000000953674316,128,128,44,3.896913210550944,1.001188674631764,389.60488828023273,uint16,2,1.0
3e54n6o9,3.8953697681427,3.8953697681427,3.9000000953674316,128,128,37,3.896913210550944,1.001188674631764,380.50488805770874,uint16,2,1.0
jd3ih66w,3.8953697681427,3.8953697681427,3.9000000953674316,128,128,38,3.896913210550944,1.001188674631764,381.80488808949787,uint16,2,1.0
51ob537q,3.8953697681427,3.8953697681427,3.9000000953674316,128,128,41,3.896913210550944,1.001188674631764,385.7048881848653,uint16,2,1.0
o4z533zs,3.8953697681427,3.8953697681427,3.9000000953674316,128,128,40,3.896913210550944,1.001188674631764,384.4048881530762,uint16,2,0.0
mv30qabx,3.8953697681427,3.8953697681427,3.9000000953674316,128,128,40,3.896913210550944,1.001188674631764,384.4048881530762,uint16,2,0.0
w2eowlcf,3.8953697681427,3.8953697681427,3.9000000953674316,128,128,37,3.896913210550944,1.001188674631764,380.50488805770874,uint16,2,0.0
s8314y2l,3.8953697681427,3.8953697681427,3.9000000953674316,128,128,37,3.896913210550944,1.001188674631764,380.50488805770874,uint16,2,1.0
r0jy32ho,3.8953697681427,3.8953697681427,3.9000000953674316,128,128,43,3.896913210550944,1.001188674631764,388.3048882484436,uint16,2,0.0
g585i87x,3.8953697681427,3.8953697681427,3.9000000953674316,128,128,43,3.896913210550944,1.001188674631764,388.3048882484436,uint16,2,1.0
w69hzgop,3.8953697681427,3.8953697681427,3.9000000953674316,128,128,41,3.896913210550944,1.001188674631764,385.7048881848653,uint16,2,1.0
jdn8ezp7,3.8953697681427,3.8953697681427,3.9000000953674316,128,128,43,3.896913210550944,1.001188674631764,388.3048882484436,uint16,2,1.0
qyezg52k,3.8953697681427,3.8953697681427,3.9000000953674316,128,128,39,3.896913210550944,1.001188674631764,383.10488812128705,uint16,2,1.0
re4v9kyp,3.8953697681427,3.8953697681427,3.9000000953674316,128,128,41,3.896913210550944,1.001188674631764,385.7048881848653,uint16,2,0.0
ofkjw6ny,3.8953697681427,3.8953697681427,3.9000000953674316,128,128,49,3.896913210550944,1.001188674631764,396.10488843917847,uint16,2,0.0
qaelyyzz,3.8953697681427,3.8953697681427,3.9000000953674316,128,128,38,3.896913210550944,1.001188674631764,381.80488808949787,uint16,2,0.0
0jdcli69,3.8953697681427,3.8953697681427,3.9000000953674316,128,128,40,3.896913210550944,1.001188674631764,384.4048881530762,uint16,2,1.0
78v0bjwk,3.8953697681427,3.8953697681427,3.9000000953674316,128,128,37,3.896913210550944,1.001188674631764,380.50488805770874,uint16,2,1.0
on8uujs7,3.8953697681427,3.8953697681427,3.9000000953674316,128,128,39,3.896913210550944,1.001188674631764,383.10488812128705,uint16,2,1.0
5eltfebe,3.8953697681427,3.8953697681427,3.9000000953674316,128,128,37,3.896913210550944,1.001188674631764,380.50488805770874,uint16,2,1.0
5407k5w1,3.8953697681427,3.8953697681427,3.9000000953674316,128,128,37,3.896913210550944,1.001188674631764,380.50488805770874,uint16,2,1.0
jl6l91f4,3.8953697681427,3.8953697681427,3.9000000953674316,128,128,43,3.896913210550944,1.001188674631764,388.3048882484436,uint16,2,0.0
x2bfibjz,3.8953697681427,3.8953697681427,3.9000000953674316,128,128,39,3.896913210550944,1.001188674631764,383.10488812128705,uint16,2,0.0
p97bmzrr,3.8953697681427,3.8953697681427,3.9000000953674316,128,128,40,3.896913210550944,1.001188674631764,384.4048881530762,uint16,2,1.0
45ed5ggs,3.8953697681427,3.8953697681427,3.9000000953674316,128,128,40,3.896913210550944,1.001188674631764,384.4048881530762,uint16,2,0.0
j6vv8suo,3.8953697681427,3.8953697681427,3.9000000953674316,128,128,37,3.896913210550944,1.001188674631764,380.50488805770874,uint16,2,1.0
c1y5ayyo,3.8953697681427,3.8953697681427,3.9000000953674316,128,128,43,3.896913210550944,1.001188674631764,388.3048882484436,uint16,2,1.0
v84fc3xq,3.8953697681427,3.8953697681427,3.9000000953674316,128,128,48,3.896913210550944,1.001188674631764,394.80488840738934,uint16,2,1.0
8va8x8l0,3.8953697681427,3.8953697681427,3.9000000953674316,128,128,49,3.896913210550944,1.001188674631764,396.10488843917847,uint16,2,1.0
08uhbxlb,3.8953697681427,3.8953697681427,3.9000000953674316,128,128,41,3.896913210550944,1.001188674631764,385.7048881848653,uint16,2,1.0
c8nog85d,3.8953697681427,3.8953697681427,3.9000000953674316,128,128,39,3.896913210550944,1.001188674631764,383.10488812128705,uint16,2,0.0
4f2k1xer,3.8953697681427,3.8953697681427,3.9000000953674316,128,128,42,3.896913210550944,1.001188674631764,387.0048882166545,uint16,2,1.0
p3lyex3s,3.8953697681427,3.8953697681427,3.9000000953674316,128,128,44,3.896913210550944,1.001188674631764,389.60488828023273,uint16,2,1.0
r5rup13w,3.8953697681427,3.8953697681427,3.9000000953674316,128,128,42,3.896913210550944,1.001188674631764,387.0048882166545,uint16,2,1.0
ppbmqiyf,3.8953697681427,3.8953697681427,3.9000000953674316,128,128,42,3.896913210550944,1.001188674631764,387.0048882166545,uint16,2,0.0
rwskp6rf,3.8953697681427,3.8953697681427,3.9000000953674316,128,128,49,3.896913210550944,1.001188674631764,396.10488843917847,uint16,2,0.0
e64skbcb,3.8953697681427,3.8953697681427,3.9000000953674316,128,128,42,3.896913210550944,1.001188674631764,387.0048882166545,uint16,2,1.0
dpdxujjc,3.8953697681427,3.8953697681427,3.9000000953674316,128,128,41,3.896913210550944,1.001188674631764,385.7048881848653,uint16,2,0.0
sexggoc5,3.8953697681427,3.8953697681427,3.9000000953674316,128,128,40,3.896913210550944,1.001188674631764,384.4048881530762,uint16,2,1.0
kvqywj85,3.8953697681427,3.8953697681427,3.9000000953674316,128,128,37,3.896913210550944,1.001188674631764,380.50488805770874,uint16,2,1.0
gg0v5dta,3.8953697681427,3.8953697681427,3.9000000953674316,128,128,39,3.896913210550944,1.001188674631764,383.10488812128705,uint16,2,1.0
egry58vr,3.8953697681427,3.8953697681427,3.9000000953674316,128,128,36,3.896913210550944,1.001188674631764,379.2048880259196,uint16,2,1.0
w9myyoke,3.8953697681427,3.8953697681427,3.9000000953674316,128,128,41,3.896913210550944,1.001188674631764,385.7048881848653,uint16,2,1.0
aea84hxx,3.8953697681427,3.8953697681427,3.9000000953674316,128,128,38,3.896913210550944,1.001188674631764,381.80488808949787,uint16,2,0.0
pw2gkqra,3.8953697681427,3.8953697681427,3.9000000953674316,128,128,42,3.896913210550944,1.001188674631764,387.0048882166545,uint16,2,1.0
ffz8q4vh,3.8953697681427,3.8953697681427,3.9000000953674316,128,128,41,3.896913210550944,1.001188674631764,385.7048881848653,uint16,2,0.0
u4bawz94,3.8953697681427,3.8953697681427,3.9000000953674316,128,128,38,3.896913210550944,1.001188674631764,381.80488808949787,uint16,2,0.0
0vtkrrvw,3.8953697681427,3.8953697681427,3.9000000953674316,128,128,43,3.896913210550944,1.001188674631764,388.3048882484436,uint16,2,1.0
y3rztplc,3.8953697681427,3.8953697681427,3.9000000953674316,128,128,36,3.896913210550944,1.001188674631764,379.2048880259196,uint16,2,1.0
6prr7mza,3.8953697681427,3.8953697681427,3.9000000953674316,128,128,38,3.896913210550944,1.001188674631764,381.80488808949787,uint16,2,1.0
kgmih6mv,3.8953697681427,3.8953697681427,3.9000000953674316,128,128,38,3.896913210550944,1.001188674631764,381.80488808949787,uint16,2,1.0
4xekz83y,3.8953697681427,3.8953697681427,3.9000000953674316,128,128,45,3.896913210550944,1.001188674631764,390.9048883120219,uint16,2,0.0
0224wk0y,3.8953697681427,3.8953697681427,3.9000000953674316,128,128,38,3.896913210550944,1.001188674631764,381.80488808949787,uint16,2,1.0
ehvdo9kh,3.8953697681427,3.8953697681427,3.9000000953674316,128,128,40,3.896913210550944,1.001188674631764,384.4048881530762,uint16,2,1.0
ba5mf36b,3.8953697681427,3.8953697681427,3.9000000953674316,128,128,42,3.896913210550944,1.001188674631764,387.0048882166545,uint16,2,0.0
cpweijmm,3.8953697681427,3.8953697681427,3.9000000953674316,128,128,40,3.896913210550944,1.001188674631764,384.4048881530762,uint16,2,1.0
b5jfysyz,3.8953697681427,3.8953697681427,3.9000000953674316,128,128,36,3.896913210550944,1.001188674631764,379.2048880259196,uint16,2,0.0
7pq4ddv2,3.8953697681427,3.8953697681427,3.9000000953674316,128,128,38,3.896913210550944,1.001188674631764,381.80488808949787,uint16,2,0.0
83bdw56f,3.8953697681427,3.8953697681427,3.9000000953674316,128,128,41,3.896913210550944,1.001188674631764,385.7048881848653,uint16,2,0.0
kps0dxme,3.8953697681427,3.8953697681427,3.9000000953674316,128,128,40,3.896913210550944,1.001188674631764,384.4048881530762,uint16,2,0.0
4po1i3ms,3.8953697681427,3.8953697681427,3.9000000953674316,128,128,49,3.896913210550944,1.001188674631764,396.10488843917847,uint16,2,1.0
dn1mxf1p,3.8953697681427,3.8953697681427,3.9000000953674316,128,128,37,3.896913210550944,1.001188674631764,380.50488805770874,uint16,2,0.0
i2ooq42n,3.8953697681427,3.8953697681427,3.9000000953674316,128,128,41,3.896913210550944,1.001188674631764,385.7048881848653,uint16,2,1.0
bfa37dl9,3.8953697681427,3.8953697681427,3.9000000953674316,128,128,38,3.896913210550944,1.001188674631764,381.80488808949787,uint16,2,0.0
fc1xx6cw,3.8953697681427,3.8953697681427,3.9000000953674316,128,128,38,3.896913210550944,1.001188674631764,381.80488808949787,uint16,2,1.0
zxskoytk,3.8953697681427,3.8953697681427,3.9000000953674316,128,128,37,3.896913210550944,1.001188674631764,380.50488805770874,uint16,2,1.0
06akt7zq,3.8953697681427,3.8953697681427,3.9000000953674316,128,128,49,3.896913210550944,1.001188674631764,396.10488843917847,uint16,2,1.0
ht2xz52o,3.8953697681427,3.8953697681427,3.9000000953674316,128,128,37,3.896913210550944,1.001188674631764,380.50488805770874,uint16,2,1.0
hkbm00e9,3.8953697681427,3.8953697681427,3.9000000953674316,128,128,40,3.896913210550944,1.001188674631764,384.4048881530762,uint16,2,0.0
kdts1fb2,3.8953697681427,3.8953697681427,3.9000000953674316,128,128,37,3.896913210550944,1.001188674631764,380.50488805770874,uint16,2,1.0
vi109dcn,3.8953697681427,3.8953697681427,3.9000000953674316,128,128,47,3.896913210550944,1.001188674631764,393.50488837560016,uint16,2,0.0
wmbxek0q,3.8953697681427,3.8953697681427,3.9000000953674316,128,128,43,3.896913210550944,1.001188674631764,388.3048882484436,uint16,2,1.0
929u6wtv,3.8953697681427,3.8953697681427,3.9000000953674316,128,128,36,3.896913210550944,1.001188674631764,379.2048880259196,uint16,2,1.0
mk2zyzsi,3.8953697681427,3.8953697681427,3.9000000953674316,128,128,36,3.896913210550944,1.001188674631764,379.2048880259196,uint16,2,1.0
lu3ndz3c,3.8953697681427,3.8953697681427,3.9000000953674316,128,128,39,3.896913210550944,1.001188674631764,383.10488812128705,uint16,2,0.0
c5rqnsvs,3.8953697681427,3.8953697681427,3.9000000953674316,128,128,40,3.896913210550944,1.001188674631764,384.4048881530762,uint16,2,0.0
ojrpp7r9,3.8953697681427,3.8953697681427,3.9000000953674316,128,128,45,3.896913210550944,1.001188674631764,390.9048883120219,uint16,2,1.0
3fezez5e,3.8953697681427,3.8953697681427,3.9000000953674316,128,128,39,3.896913210550944,1.001188674631764,383.10488812128705,uint16,2,0.0
hr07n8vo,3.8953697681427,3.8953697681427,3.9000000953674316,128,128,50,3.896913210550944,1.001188674631764,397.4048884709676,uint16,2,0.0
eubfn9kr,3.8953697681427,3.8953697681427,3.9000000953674316,128,128,39,3.896913210550944,1.001188674631764,383.10488812128705,uint16,2,0.0
2fvb66h3,3.8953697681427,3.8953697681427,3.9000000953674316,128,128,40,3.896913210550944,1.001188674631764,384.4048881530762,uint16,2,1.0
rem5puu6,3.8953697681427,3.8953697681427,3.9000000953674316,128,128,41,3.896913210550944,1.001188674631764,385.7048881848653,uint16,2,1.0
2rzv1sqq,3.8953697681427,3.8953697681427,3.9000000953674316,128,128,38,3.896913210550944,1.001188674631764,381.80488808949787,uint16,2,1.0
q5l2xoio,3.8953697681427,3.8953697681427,3.9000000953674316,128,128,46,3.896913210550944,1.001188674631764,392.20488834381104,uint16,2,1.0
t860x5zu,3.8953697681427,3.8953697681427,3.9000000953674316,128,128,40,3.896913210550944,1.001188674631764,384.4048881530762,uint16,2,1.0
2zueugwu,3.8953697681427,3.8953697681427,3.9000000953674316,128,128,37,3.896913210550944,1.001188674631764,380.50488805770874,uint16,2,0.0
bugr6e7g,3.8953697681427,3.8953697681427,3.9000000953674316,128,128,40,3.896913210550944,1.001188674631764,384.4048881530762,uint16,2,1.0
a2iz5p3v,3.8953697681427,3.8953697681427,3.9000000953674316,128,128,43,3.896913210550944,1.001188674631764,388.3048882484436,uint16,2,1.0
ob5apo4l,3.8953697681427,3.8953697681427,3.9000000953674316,128,128,42,3.896913210550944,1.001188674631764,387.0048882166545,uint16,2,1.0
jedgfjdl,3.8953697681427,3.8953697681427,3.9000000953674316,128,128,43,3.896913210550944,1.001188674631764,388.3048882484436,uint16,2,1.0
ogwlacol,3.8953697681427,3.8953697681427,3.9000000953674316,128,128,45,3.896913210550944,1.001188674631764,390.9048883120219,uint16,2,0.0
oln3eh1v,3.8953697681427,3.8953697681427,3.9000000953674316,128,128,40,3.896913210550944,1.001188674631764,384.4048881530762,uint16,2,1.0
r1necqor,3.8953697681427,3.8953697681427,3.9000000953674316,128,128,41,3.896913210550944,1.001188674631764,385.7048881848653,uint16,2,1.0
oi5j8yit,3.8953697681427,3.8953697681427,3.9000000953674316,128,128,45,3.896913210550944,1.001188674631764,390.9048883120219,uint16,2,1.0
2kodwh8n,3.8953697681427,3.8953697681427,3.9000000953674316,128,128,44,3.896913210550944,1.001188674631764,389.60488828023273,uint16,2,0.0
92tp6qaq,3.8953697681427,3.8953697681427,3.9000000953674316,128,128,42,3.896913210550944,1.001188674631764,387.0048882166545,uint16,2,1.0
3k8a7rv4,3.8953697681427,3.8953697681427,3.9000000953674316,128,128,39,3.896913210550944,1.001188674631764,383.10488812128705,uint16,2,0.0
nmwvsb0u,3.8953697681427,3.8953697681427,3.9000000953674316,128,128,40,3.896913210550944,1.001188674631764,384.4048881530762,uint16,2,1.0
koefukpv,3.8953697681427,3.8953697681427,3.9000000953674316,128,128,41,3.896913210550944,1.001188674631764,385.7048881848653,uint16,2,0.0
8lymj1qi,3.8953697681427,3.8953697681427,3.9000000953674316,128,128,42,3.896913210550944,1.001188674631764,387.0048882166545,uint16,2,0.0
9mqvayxa,3.8953697681427,3.8953697681427,3.9000000953674316,128,128,39,3.896913210550944,1.001188674631764,383.10488812128705,uint16,2,0.0
r6yo6z1t,3.8953697681427,3.8953697681427,3.9000000953674316,128,128,36,3.896913210550944,1.001188674631764,379.2048880259196,uint16,2,1.0
2xcb3yym,3.8953697681427,3.8953697681427,3.9000000953674316,128,128,44,3.896913210550944,1.001188674631764,389.60488828023273,uint16,2,1.0
33mg1zaq,3.8953697681427,3.8953697681427,3.9000000953674316,128,128,41,3.896913210550944,1.001188674631764,385.7048881848653,uint16,2,1.0
7qhak7md,3.8953697681427,3.8953697681427,3.9000000953674316,128,128,43,3.896913210550944,1.001188674631764,388.3048882484436,uint16,2,1.0
wkzirnk6,3.8953697681427,3.8953697681427,3.9000000953674316,128,128,42,3.896913210550944,1.001188674631764,387.0048882166545,uint16,2,0.0
zhh3o5ur,3.8953697681427,3.8953697681427,3.9000000953674316,128,128,42,3.896913210550944,1.001188674631764,387.0048882166545,uint16,2,1.0
txuyucec,3.8953697681427,3.8953697681427,3.9000000953674316,128,128,42,3.896913210550944,1.001188674631764,387.0048882166545,uint16,2,1.0
juis2gy9,3.8953697681427,3.8953697681427,3.9000000953674316,128,128,45,3.896913210550944,1.001188674631764,390.9048883120219,uint16,2,1.0
ytjuq7x7,3.8953697681427,3.8953697681427,3.9000000953674316,128,128,41,3.896913210550944,1.001188674631764,385.7048881848653,uint16,2,0.0
b7p9jyqn,3.8953697681427,3.8953697681427,3.9000000953674316,128,128,37,3.896913210550944,1.001188674631764,380.50488805770874,uint16,2,1.0
15ikpqah,3.8953697681427,3.8953697681427,3.9000000953674316,128,128,42,3.896913210550944,1.001188674631764,387.0048882166545,uint16,2,0.0
cua09pci,3.8953697681427,3.8953697681427,3.9000000953674316,128,128,41,3.896913210550944,1.001188674631764,385.7048881848653,uint16,2,1.0
flwdr3vw,3.8953697681427,3.8953697681427,3.9000000953674316,128,128,41,3.896913210550944,1.001188674631764,385.7048881848653,uint16,2,1.0
mjdimbm2,3.8953697681427,3.8953697681427,3.9000000953674316,128,128,40,3.896913210550944,1.001188674631764,384.4048881530762,uint16,2,1.0
71w1wudc,3.8953697681427,3.8953697681427,3.9000000953674316,128,128,43,3.896913210550944,1.001188674631764,388.3048882484436,uint16,2,0.0
bl4ce7pk,3.8953697681427,3.8953697681427,3.9000000953674316,128,128,39,3.896913210550944,1.001188674631764,383.10488812128705,uint16,2,1.0
wcyuknd1,3.8953697681427,3.8953697681427,3.9000000953674316,128,128,36,3.896913210550944,1.001188674631764,379.2048880259196,uint16,2,1.0
ivxan25w,3.8953697681427,3.8953697681427,3.9000000953674316,128,128,39,3.896913210550944,1.001188674631764,383.10488812128705,uint16,2,1.0
m72qlgdv,3.8953697681427,3.8953697681427,3.9000000953674316,128,128,39,3.896913210550944,1.001188674631764,383.10488812128705,uint16,2,0.0
c2guwjp0,3.8953697681427,3.8953697681427,3.9000000953674316,128,128,43,3.896913210550944,1.001188674631764,388.3048882484436,uint16,2,0.0
qi2clp81,3.8953697681427,3.8953697681427,3.9000000953674316,128,128,33,3.896913210550944,1.001188674631764,375.3048879305522,uint16,2,0.0
l51flmna,3.8953697681427,3.8953697681427,3.9000000953674316,128,128,44,3.896913210550944,1.001188674631764,389.60488828023273,uint16,2,1.0
vycs44ph,3.8953697681427,3.8953697681427,3.9000000953674316,128,128,36,3.896913210550944,1.001188674631764,379.2048880259196,uint16,2,1.0
h62myz9v,3.8953697681427,3.8953697681427,3.9000000953674316,128,128,45,3.896913210550944,1.001188674631764,390.9048883120219,uint16,2,0.0
lu8wpfq2,3.8953697681427,3.8953697681427,3.9000000953674316,128,128,40,3.896913210550944,1.001188674631764,384.4048881530762,uint16,2,0.0
bhaiiwi0,3.8953697681427,3.8953697681427,3.9000000953674316,128,128,41,3.896913210550944,1.001188674631764,385.7048881848653,uint16,2,1.0
8l0hg9nc,3.8953697681427,3.8953697681427,3.9000000953674316,128,128,36,3.896913210550944,1.001188674631764,379.2048880259196,uint16,2,0.0
bekgv1bb,3.8953697681427,3.8953697681427,3.9000000953674316,128,128,39,3.896913210550944,1.001188674631764,383.10488812128705,uint16,2,1.0
hg5zmtga,3.8953697681427,3.8953697681427,3.9000000953674316,128,128,43,3.896913210550944,1.001188674631764,388.3048882484436,uint16,2,1.0
46ayn2d7,3.8953697681427,3.8953697681427,3.9000000953674316,128,128,41,3.896913210550944,1.001188674631764,385.7048881848653,uint16,2,0.0
ki3x7995,3.8953697681427,3.8953697681427,3.9000000953674316,128,128,36,3.896913210550944,1.001188674631764,379.2048880259196,uint16,2,0.0
5cf72gnn,3.8953697681427,3.8953697681427,3.9000000953674316,128,128,43,3.896913210550944,1.001188674631764,388.3048882484436,uint16,2,0.0
v9ibwgt2,3.8953697681427,3.8953697681427,3.9000000953674316,128,128,42,3.896913210550944,1.001188674631764,387.0048882166545,uint16,2,0.0
lb25485h,3.8953697681427,3.8953697681427,3.9000000953674316,128,128,39,3.896913210550944,1.001188674631764,383.10488812128705,uint16,2,0.0
cqxcs1xs,3.8953697681427,3.8953697681427,3.9000000953674316,128,128,41,3.896913210550944,1.001188674631764,385.7048881848653,uint16,2,0.0
rqlnzzrj,3.8953697681427,3.8953697681427,3.9000000953674316,128,128,43,3.896913210550944,1.001188674631764,388.3048882484436,uint16,2,0.0
o7vbhh5o,3.8953697681427,3.8953697681427,3.9000000953674316,128,128,36,3.896913210550944,1.001188674631764,379.2048880259196,uint16,2,0.0
l5u7nted,3.8953697681427,3.8953697681427,3.9000000953674316,128,128,39,3.896913210550944,1.001188674631764,383.10488812128705,uint16,2,0.0
qmvqwpqo,3.8953697681427,3.8953697681427,3.9000000953674316,128,128,42,3.896913210550944,1.001188674631764,387.0048882166545,uint16,2,0.0
2lngixmc,3.8953697681427,3.8953697681427,3.9000000953674316,128,128,42,3.896913210550944,1.001188674631764,387.0048882166545,uint16,2,1.0
4sx27dcb,3.8953697681427,3.8953697681427,3.9000000953674316,128,128,36,3.896913210550944,1.001188674631764,379.2048880259196,uint16,2,1.0
om2zkf5b,2.397599935531616,2.397599935531616,2.397599935531616,128,128,87,2.397599935531616,1.0,274.1255926291148,uint16,3,1.0
1sa3y5t3,2.397599935531616,2.397599935531616,2.397599935531616,128,128,87,2.397599935531616,1.0,274.1255926291148,uint16,3,0.0
7szpf9s9,2.397599935531616,2.397599935531616,2.397599935531616,128,128,87,2.397599935531616,1.0,274.1255926291148,uint16,3,0.0
ehwhg0u4,2.397599935531616,2.397599935531616,2.397599935531616,128,128,87,2.397599935531616,1.0,274.1255926291148,uint16,3,1.0
3qlx3f2x,2.397599935531616,2.397599935531616,2.397599935531616,128,128,87,2.397599935531616,1.0,274.1255926291148,uint16,3,1.0
hdcv4bkt,2.397599935531616,2.397599935531616,2.397599935531616,128,128,87,2.397599935531616,1.0,274.1255926291148,uint16,3,1.0
cv1ltwbj,2.397599935531616,2.397599935531616,2.397599935531616,128,128,87,2.397599935531616,1.0,274.1255926291148,uint16,3,0.0
9uu2bl7a,2.397599935531616,2.397599935531616,2.397599935531616,128,128,87,2.397599935531616,1.0,274.1255926291148,uint16,3,0.0
mkoh109z,2.397599935531616,2.397599935531616,2.397599935531616,128,128,87,2.397599935531616,1.0,274.1255926291148,uint16,3,0.0
do0d3fvn,2.397599935531616,2.397599935531616,2.397599935531616,128,128,87,2.397599935531616,1.0,274.1255926291148,uint16,3,1.0
v4kfq5dz,2.397599935531616,2.397599935531616,2.397599935531616,128,128,87,2.397599935531616,1.0,274.1255926291148,uint16,3,1.0
53x1f8s0,2.397599935531616,2.397599935531616,2.397599935531616,128,128,87,2.397599935531616,1.0,274.1255926291148,uint16,3,1.0
x7m2mm4p,2.397599935531616,2.397599935531616,2.397599935531616,128,128,87,2.397599935531616,1.0,274.1255926291148,uint16,3,0.0
61nhvcfw,2.397599935531616,2.397599935531616,2.397599935531616,128,128,87,2.397599935531616,1.0,274.1255926291148,uint16,3,0.0
r2f5t82d,2.397599935531616,2.397599935531616,2.397599935531616,128,128,87,2.397599935531616,1.0,274.1255926291148,uint16,3,0.0
dl7fkndg,2.397599935531616,2.397599935531616,2.397599935531616,128,128,87,2.397599935531616,1.0,274.1255926291148,uint16,3,0.0
1jrj5xfe,2.397599935531616,2.397599935531616,2.397599935531616,128,128,87,2.397599935531616,1.0,274.1255926291148,uint16,3,0.0
ub4o47en,2.397599935531616,2.397599935531616,2.397599935531616,128,128,87,2.397599935531616,1.0,274.1255926291148,uint16,3,0.0
48nysj5y,2.397599935531616,2.397599935531616,2.397599935531616,128,128,87,2.397599935531616,1.0,274.1255926291148,uint16,3,1.0
wx0i3a4k,2.397599935531616,2.397599935531616,2.397599935531616,128,128,87,2.397599935531616,1.0,274.1255926291148,uint16,3,1.0
focnqdqx,2.397599935531616,2.397599935531616,2.397599935531616,128,128,87,2.397599935531616,1.0,274.1255926291148,uint16,3,0.0
6qd0771h,2.397599935531616,2.397599935531616,2.397599935531616,128,128,87,2.397599935531616,1.0,274.1255926291148,uint16,3,1.0
ll9rzrkb,2.397599935531616,2.397599935531616,2.397599935531616,128,128,87,2.397599935531616,1.0,274.1255926291148,uint16,3,1.0
fqxlbvn7,2.397599935531616,2.397599935531616,2.397599935531616,128,128,87,2.397599935531616,1.0,274.1255926291148,uint16,3,1.0
nprb58yj,2.397599935531616,2.397599935531616,2.397599935531616,128,128,87,2.397599935531616,1.0,274.1255926291148,uint16,3,0.0
wdcokz5s,2.397599935531616,2.397599935531616,2.397599935531616,128,128,87,2.397599935531616,1.0,274.1255926291148,uint16,3,1.0
yj3d6m1f,2.397599935531616,2.397599935531616,2.397599935531616,128,128,87,2.397599935531616,1.0,274.1255926291148,uint16,3,1.0
mpryfzmy,2.397599935531616,2.397599935531616,2.397599935531616,128,128,87,2.397599935531616,1.0,274.1255926291148,uint16,3,0.0
oa2vcywl,2.397599935531616,2.397599935531616,2.397599935531616,128,128,87,2.397599935531616,1.0,274.1255926291148,uint16,3,0.0
9700lfqf,2.397599935531616,2.397599935531616,2.397599935531616,128,128,87,2.397599935531616,1.0,274.1255926291148,uint16,3,0.0
5e8osaq3,2.397599935531616,2.397599935531616,2.397599935531616,128,128,87,2.397599935531616,1.0,274.1255926291148,uint16,3,0.0
eq8dh9pt,2.397599935531616,2.397599935531616,2.397599935531616,128,128,87,2.397599935531616,1.0,274.1255926291148,uint16,3,1.0
fnm88ua3,2.397599935531616,2.397599935531616,2.397599935531616,128,128,87,2.397599935531616,1.0,274.1255926291148,uint16,3,0.0
a6s5zxqo,2.397599935531616,2.397599935531616,2.397599935531616,128,128,87,2.397599935531616,1.0,274.1255926291148,uint16,3,0.0
mts1egpg,2.397599935531616,2.397599935531616,2.397599935531616,128,128,87,2.397599935531616,1.0,274.1255926291148,uint16,3,0.0
vtn4ypkw,2.397599935531616,2.397599935531616,2.397599935531616,128,128,87,2.397599935531616,1.0,274.1255926291148,uint16,3,0.0
7493dxwo,2.397599935531616,2.397599935531616,2.397599935531616,128,128,87,2.397599935531616,1.0,274.1255926291148,uint16,3,1.0
r17dpubk,2.397599935531616,2.397599935531616,2.397599935531616,128,128,87,2.397599935531616,1.0,274.1255926291148,uint16,3,1.0
piqnhqe8,2.397599935531616,2.397599935531616,2.397599935531616,128,128,87,2.397599935531616,1.0,274.1255926291148,uint16,3,0.0
6o3z0ani,2.397599935531616,2.397599935531616,2.397599935531616,128,128,87,2.397599935531616,1.0,274.1255926291148,uint16,3,1.0
k5j42oi6,2.397599935531616,2.397599935531616,2.397599935531616,128,128,87,2.397599935531616,1.0,274.1255926291148,uint16,3,1.0
oafn33vm,2.397599935531616,2.397599935531616,2.397599935531616,128,128,87,2.397599935531616,1.0,274.1255926291148,uint16,3,1.0
89i9gx32,2.397599935531616,2.397599935531616,2.397599935531616,128,128,87,2.397599935531616,1.0,274.1255926291148,uint16,3,0.0
uew9g6sp,2.397599935531616,2.397599935531616,2.397599935531616,128,128,87,2.397599935531616,1.0,274.1255926291148,uint16,3,1.0
d2sw24wj,2.397599935531616,2.397599935531616,2.397599935531616,128,128,87,2.397599935531616,1.0,274.1255926291148,uint16,3,1.0
t8hdpwvb,2.397599935531616,2.397599935531616,2.397599935531616,128,128,87,2.397599935531616,1.0,274.1255926291148,uint16,3,0.0
z7cn0eqw,2.397599935531616,2.397599935531616,2.397599935531616,128,128,87,2.397599935531616,1.0,274.1255926291148,uint16,3,1.0
mi6kti22,2.397599935531616,2.397599935531616,2.397599935531616,128,128,87,2.397599935531616,1.0,274.1255926291148,uint16,3,1.0
1xj7wwud,2.397599935531616,2.397599935531616,2.397599935531616,128,128,87,2.397599935531616,1.0,274.1255926291148,uint16,3,1.0
qvdk6drn,2.397599935531616,2.397599935531616,2.397599935531616,128,128,87,2.397599935531616,1.0,274.1255926291148,uint16,3,1.0
4orac8cy,2.397599935531616,2.397599935531616,2.397599935531616,128,128,87,2.397599935531616,1.0,274.1255926291148,uint16,3,0.0
nl63gagu,2.397599935531616,2.397599935531616,2.397599935531616,128,128,87,2.397599935531616,1.0,274.1255926291148,uint16,3,1.0
vb99rwtf,2.397599935531616,2.397599935531616,2.397599935531616,128,128,87,2.397599935531616,1.0,274.1255926291148,uint16,3,0.0
07gbasf5,2.397599935531616,2.397599935531616,2.397599935531616,128,128,87,2.397599935531616,1.0,274.1255926291148,uint16,3,0.0
ehlh07jr,2.397599935531616,2.397599935531616,2.397599935531616,128,128,87,2.397599935531616,1.0,274.1255926291148,uint16,3,0.0
8mtk0rso,2.397599935531616,2.397599935531616,2.397599935531616,128,128,87,2.397599935531616,1.0,274.1255926291148,uint16,3,0.0
ggy5kov1,2.397599935531616,2.397599935531616,2.397599935531616,128,128,87,2.397599935531616,1.0,274.1255926291148,uint16,3,1.0
l28r5p03,2.397599935531616,2.397599935531616,2.397599935531616,128,128,87,2.397599935531616,1.0,274.1255926291148,uint16,3,0.0
wvpunwcg,2.397599935531616,2.397599935531616,2.397599935531616,128,128,87,2.397599935531616,1.0,274.1255926291148,uint16,3,1.0
bsvk3x8m,2.397599935531616,2.397599935531616,2.397599935531616,128,128,87,2.397599935531616,1.0,274.1255926291148,uint16,3,0.0
bgl2mcxn,2.397599935531616,2.397599935531616,2.397599935531616,128,128,87,2.397599935531616,1.0,274.1255926291148,uint16,3,1.0
2elalq26,2.397599935531616,2.397599935531616,2.397599935531616,128,128,87,2.397599935531616,1.0,274.1255926291148,uint16,3,0.0
unvsdkv5,2.397599935531616,2.397599935531616,2.397599935531616,128,128,87,2.397599935531616,1.0,274.1255926291148,uint16,3,0.0
4c6p1llh,2.397599935531616,2.397599935531616,2.397599935531616,128,128,87,2.397599935531616,1.0,274.1255926291148,uint16,3,0.0
2r9pegln,2.397599935531616,2.397599935531616,2.397599935531616,128,128,87,2.397599935531616,1.0,274.1255926291148,uint16,3,1.0
ukx496k4,2.397599935531616,2.397599935531616,2.397599935531616,128,128,87,2.397599935531616,1.0,274.1255926291148,uint16,3,0.0
o67bxcd2,2.397599935531616,2.397599935531616,2.397599935531616,128,128,87,2.397599935531616,1.0,274.1255926291148,uint16,3,1.0
0j1oulwo,2.397599935531616,2.397599935531616,2.397599935531616,128,128,87,2.397599935531616,1.0,274.1255926291148,uint16,3,1.0
zq48enwb,2.397599935531616,2.397599935531616,2.397599935531616,128,128,87,2.397599935531616,1.0,274.1255926291148,uint16,3,1.0
badlypgg,2.397599935531616,2.397599935531616,2.397599935531616,128,128,87,2.397599935531616,1.0,274.1255926291148,uint16,3,0.0
6n6975j2,2.397599935531616,2.397599935531616,2.397599935531616,128,128,87,2.397599935531616,1.0,274.1255926291148,uint16,3,1.0
d8clw3jg,2.397599935531616,2.397599935531616,2.397599935531616,128,128,87,2.397599935531616,1.0,274.1255926291148,uint16,3,1.0
eqe5158o,2.397599935531616,2.397599935531616,2.397599935531616,128,128,87,2.397599935531616,1.0,274.1255926291148,uint16,3,0.0
qesux9l0,2.397599935531616,2.397599935531616,2.397599935531616,128,128,87,2.397599935531616,1.0,274.1255926291148,uint16,3,0.0
ijkcu5x0,2.397599935531616,2.397599935531616,2.397599935531616,128,128,87,2.397599935531616,1.0,274.1255926291148,uint16,3,0.0
hc8cah3g,2.397599935531616,2.397599935531616,2.397599935531616,128,128,87,2.397599935531616,1.0,274.1255926291148,uint16,3,0.0
dhvs41lq,2.397599935531616,2.397599935531616,2.397599935531616,128,128,87,2.397599935531616,1.0,274.1255926291148,uint16,3,1.0
fs6hn95s,2.397599935531616,2.397599935531616,2.397599935531616,128,128,87,2.397599935531616,1.0,274.1255926291148,uint16,3,1.0
2gkfl5xf,2.397599935531616,2.397599935531616,2.397599935531616,128,128,87,2.397599935531616,1.0,274.1255926291148,uint16,3,0.0
50i6gbxq,2.397599935531616,2.397599935531616,2.397599935531616,128,128,87,2.397599935531616,1.0,274.1255926291148,uint16,3,0.0
j7dpfssb,2.397599935531616,2.397599935531616,2.397599935531616,128,128,87,2.397599935531616,1.0,274.1255926291148,uint16,3,1.0
jdx0pkov,2.397599935531616,2.397599935531616,2.397599935531616,128,128,87,2.397599935531616,1.0,274.1255926291148,uint16,3,1.0
trpyx8hb,2.397599935531616,2.397599935531616,2.397599935531616,128,128,87,2.397599935531616,1.0,274.1255926291148,uint16,3,1.0
bjcdiwzo,2.397599935531616,2.397599935531616,2.397599935531616,128,128,87,2.397599935531616,1.0,274.1255926291148,uint16,3,1.0
d05jh2mk,2.397599935531616,2.397599935531616,2.397599935531616,128,128,87,2.397599935531616,1.0,274.1255926291148,uint16,3,1.0
v0dszrk6,2.397599935531616,2.397599935531616,2.397599935531616,128,128,87,2.397599935531616,1.0,274.1255926291148,uint16,3,0.0
ilcg6far,2.397599935531616,2.397599935531616,2.397599935531616,128,128,87,2.397599935531616,1.0,274.1255926291148,uint16,3,0.0
mgjcy4v8,2.397599935531616,2.397599935531616,2.397599935531616,128,128,87,2.397599935531616,1.0,274.1255926291148,uint16,3,1.0
urid3u94,2.397599935531616,2.397599935531616,2.397599935531616,128,128,87,2.397599935531616,1.0,274.1255926291148,uint16,3,1.0
sgfdk0q0,2.397599935531616,2.397599935531616,2.397599935531616,128,128,87,2.397599935531616,1.0,274.1255926291148,uint16,3,1.0
9jrnamz6,2.397599935531616,2.397599935531616,2.397599935531616,128,128,87,2.397599935531616,1.0,274.1255926291148,uint16,3,1.0
146vey0a,2.397599935531616,2.397599935531616,2.397599935531616,128,128,87,2.397599935531616,1.0,274.1255926291148,uint16,3,0.0
94xfri09,2.397599935531616,2.397599935531616,2.397599935531616,128,128,87,2.397599935531616,1.0,274.1255926291148,uint16,3,0.0
m0g8w85y,2.397599935531616,2.397599935531616,2.397599935531616,128,128,87,2.397599935531616,1.0,274.1255926291148,uint16,3,1.0
6q8sjy5o,2.397599935531616,2.397599935531616,2.397599935531616,128,128,87,2.397599935531616,1.0,274.1255926291148,uint16,3,0.0
p9lbsmwp,2.397599935531616,2.397599935531616,2.397599935531616,128,128,87,2.397599935531616,1.0,274.1255926291148,uint16,3,0.0
q82k8ryq,2.397599935531616,2.397599935531616,2.397599935531616,128,128,87,2.397599935531616,1.0,274.1255926291148,uint16,3,0.0
f8wxkk2a,2.397599935531616,2.397599935531616,2.397599935531616,128,128,87,2.397599935531616,1.0,274.1255926291148,uint16,3,0.0
bkvblpxa,2.397599935531616,2.397599935531616,2.397599935531616,128,128,87,2.397599935531616,1.0,274.1255926291148,uint16,3,0.0
jmk4x1fd,2.397599935531616,2.397599935531616,2.397599935531616,128,128,87,2.397599935531616,1.0,274.1255926291148,uint16,3,1.0
j9hvchrm,2.397599935531616,2.397599935531616,2.397599935531616,128,128,87,2.397599935531616,1.0,274.1255926291148,uint16,3,0.0
3wp8djkl,2.397599935531616,2.397599935531616,2.397599935531616,128,128,87,2.397599935531616,1.0,274.1255926291148,uint16,3,0.0
uyluyhet,2.397599935531616,2.397599935531616,2.397599935531616,128,128,87,2.397599935531616,1.0,274.1255926291148,uint16,3,1.0
kduwtn5p,2.397599935531616,2.397599935531616,2.397599935531616,128,128,87,2.397599935531616,1.0,274.1255926291148,uint16,3,0.0
epl7zqpp,2.397599935531616,2.397599935531616,2.397599935531616,128,128,87,2.397599935531616,1.0,274.1255926291148,uint16,3,1.0
oau8p1wk,2.397599935531616,2.397599935531616,2.397599935531616,128,128,87,2.397599935531616,1.0,274.1255926291148,uint16,3,0.0
isetuk1o,2.397599935531616,2.397599935531616,2.397599935531616,128,128,87,2.397599935531616,1.0,274.1255926291148,uint16,3,1.0
oa35qbb3,2.397599935531616,2.397599935531616,2.397599935531616,128,128,87,2.397599935531616,1.0,274.1255926291148,uint16,3,1.0
xmdkrlc0,2.397599935531616,2.397599935531616,2.397599935531616,128,128,87,2.397599935531616,1.0,274.1255926291148,uint16,3,0.0
y0bhf0ri,2.397599935531616,2.397599935531616,2.397599935531616,128,128,87,2.397599935531616,1.0,274.1255926291148,uint16,3,0.0
y4kl9ary,2.397599935531616,2.397599935531616,2.397599935531616,128,128,87,2.397599935531616,1.0,274.1255926291148,uint16,3,0.0
eavedhr3,2.397599935531616,2.397599935531616,2.397599935531616,128,128,87,2.397599935531616,1.0,274.1255926291148,uint16,3,0.0
pceo934t,2.397599935531616,2.397599935531616,2.397599935531616,128,128,87,2.397599935531616,1.0,274.1255926291148,uint16,3,0.0
3y4wpwg3,2.397599935531616,2.397599935531616,2.397599935531616,128,128,87,2.397599935531616,1.0,274.1255926291148,uint16,3,1.0
xg0trky8,2.397599935531616,2.397599935531616,2.397599935531616,128,128,87,2.397599935531616,1.0,274.1255926291148,uint16,3,0.0
ryozdppb,2.397599935531616,2.397599935531616,2.397599935531616,128,128,87,2.397599935531616,1.0,274.1255926291148,uint16,3,1.0
quakx6wb,2.397599935531616,2.397599935531616,2.397599935531616,128,128,87,2.397599935531616,1.0,274.1255926291148,uint16,3,0.0
68q0j9m4,2.397599935531616,2.397599935531616,2.397599935531616,128,128,87,2.397599935531616,1.0,274.1255926291148,uint16,3,1.0
smzocxmz,2.397599935531616,2.397599935531616,2.397599935531616,128,128,87,2.397599935531616,1.0,274.1255926291148,uint16,3,1.0
mz2k1ko6,2.397599935531616,2.397599935531616,2.397599935531616,128,128,87,2.397599935531616,1.0,274.1255926291148,uint16,3,1.0
xnqxu71s,2.397599935531616,2.397599935531616,2.397599935531616,128,128,87,2.397599935531616,1.0,274.1255926291148,uint16,3,0.0
el8mwob4,2.397599935531616,2.397599935531616,2.397599935531616,128,128,87,2.397599935531616,1.0,274.1255926291148,uint16,3,1.0
fdd7r193,2.397599935531616,2.397599935531616,2.397599935531616,128,128,87,2.397599935531616,1.0,274.1255926291148,uint16,3,0.0
0i6g61pc,2.397599935531616,2.397599935531616,2.397599935531616,128,128,87,2.397599935531616,1.0,274.1255926291148,uint16,3,0.0
we4c1v47,2.397599935531616,2.397599935531616,2.397599935531616,128,128,87,2.397599935531616,1.0,274.1255926291148,uint16,3,1.0
lzn9uhjp,2.397599935531616,2.397599935531616,2.397599935531616,128,128,87,2.397599935531616,1.0,274.1255926291148,uint16,3,0.0
khf33guw,2.397599935531616,2.397599935531616,2.397599935531616,128,128,87,2.397599935531616,1.0,274.1255926291148,uint16,3,0.0
yh36motc,2.397599935531616,2.397599935531616,2.397599935531616,128,128,87,2.397599935531616,1.0,274.1255926291148,uint16,3,0.0
g06xr3ur,2.397599935531616,2.397599935531616,2.397599935531616,128,128,87,2.397599935531616,1.0,274.1255926291148,uint16,3,1.0
mwuecpnc,2.397599935531616,2.397599935531616,2.397599935531616,128,128,87,2.397599935531616,1.0,274.1255926291148,uint16,3,0.0
c2keivli,2.397599935531616,2.397599935531616,2.397599935531616,128,128,87,2.397599935531616,1.0,274.1255926291148,uint16,3,1.0
77jzc58c,2.397599935531616,2.397599935531616,2.397599935531616,128,128,87,2.397599935531616,1.0,274.1255926291148,uint16,3,1.0
u47soczd,2.397599935531616,2.397599935531616,2.397599935531616,128,128,87,2.397599935531616,1.0,274.1255926291148,uint16,3,0.0
q7jbmjm1,2.397599935531616,2.397599935531616,2.397599935531616,128,128,87,2.397599935531616,1.0,274.1255926291148,uint16,3,0.0
ft07x5ic,2.397599935531616,2.397599935531616,2.397599935531616,128,128,87,2.397599935531616,1.0,274.1255926291148,uint16,3,1.0
86z1b98v,2.397599935531616,2.397599935531616,2.397599935531616,128,128,87,2.397599935531616,1.0,274.1255926291148,uint16,3,0.0
wct8jbbs,2.397599935531616,2.397599935531616,2.397599935531616,128,128,87,2.397599935531616,1.0,274.1255926291148,uint16,3,0.0
xpk48ab1,2.397599935531616,2.397599935531616,2.397599935531616,128,128,87,2.397599935531616,1.0,274.1255926291148,uint16,3,0.0
3t4y0tb1,2.397599935531616,2.397599935531616,2.397599935531616,128,128,87,2.397599935531616,1.0,274.1255926291148,uint16,3,0.0
zppep69n,2.397599935531616,2.397599935531616,2.397599935531616,128,128,87,2.397599935531616,1.0,274.1255926291148,uint16,3,0.0
gpcivi05,2.397599935531616,2.397599935531616,2.397599935531616,128,128,87,2.397599935531616,1.0,274.1255926291148,uint16,3,0.0
2u9az3ce,2.397599935531616,2.397599935531616,2.397599935531616,128,128,87,2.397599935531616,1.0,274.1255926291148,uint16,3,1.0
gbmxikvr,2.397599935531616,2.397599935531616,2.397599935531616,128,128,87,2.397599935531616,1.0,274.1255926291148,uint16,3,0.0
ecjtr0m6,2.4600000381469727,2.4600000381469727,2.4600000381469727,256,256,256,2.4600000381469727,1.0,629.760009765625,uint16,1,0.0
hz72kxsj,2.4600000381469727,2.4600000381469727,2.4600000381469727,256,256,256,2.4600000381469727,1.0,629.760009765625,uint16,1,0.0
zsb6zwkh,2.4600000381469727,2.4600000381469727,2.4600000381469727,256,256,256,2.4600000381469727,1.0,629.760009765625,uint16,1,1.0
e9i0hn3f,2.4600000381469727,2.4600000381469727,2.4600000381469727,256,256,256,2.4600000381469727,1.0,629.760009765625,uint16,1,1.0
9zxqerbk,2.4600000381469727,2.4600000381469727,2.4600000381469727,256,256,256,2.4600000381469727,1.0,629.760009765625,uint16,1,1.0
n3dkvr5n,2.4600000381469727,2.4600000381469727,2.4600000381469727,256,256,256,2.4600000381469727,1.0,629.760009765625,uint16,1,1.0
bhgpbktm,2.4600000381469727,2.4600000381469727,2.4600000381469727,256,256,256,2.4600000381469727,1.0,629.760009765625,int16,1,0.0
av6763v1,2.4600000381469727,2.4600000381469727,2.4600000381469727,256,256,256,2.4600000381469727,1.0,629.760009765625,uint16,1,1.0
m3pp00cd,2.4600000381469727,2.4600000381469727,2.4600000381469727,256,256,256,2.4600000381469727,1.0,629.760009765625,uint16,1,0.0
nzy47quu,2.4600000381469727,2.4600000381469727,2.4600000381469727,256,256,256,2.4600000381469727,1.0,629.760009765625,uint16,1,0.0
sfn07ea2,2.4600000381469727,2.4600000381469727,2.4600000381469727,256,256,256,2.4600000381469727,1.0,629.760009765625,uint16,1,0.0
8ditmown,2.4600000381469727,2.4600000381469727,2.4600000381469727,256,256,256,2.4600000381469727,1.0,629.760009765625,uint16,1,1.0
x23veulj,2.4600000381469727,2.4600000381469727,2.4600000381469727,256,256,256,2.4600000381469727,1.0,629.760009765625,uint16,1,1.0
gqpq8r4h,2.4600000381469727,2.4600000381469727,2.4600000381469727,256,256,256,2.4600000381469727,1.0,629.760009765625,uint16,1,0.0
c7jvlcg1,2.4600000381469727,2.4600000381469727,2.4600000381469727,256,256,256,2.4600000381469727,1.0,629.760009765625,uint16,1,1.0
j5ewfwbe,2.4600000381469727,2.4600000381469727,2.4600000381469727,256,256,256,2.4600000381469727,1.0,629.760009765625,uint16,1,0.0
by4ubzcz,2.4600000381469727,2.4600000381469727,2.4600000381469727,256,256,256,2.4600000381469727,1.0,629.760009765625,uint16,1,0.0
jjy4mzvm,2.4600000381469727,2.4600000381469727,2.4600000381469727,256,256,256,2.4600000381469727,1.0,629.760009765625,uint16,1,0.0
cpsiln3o,2.4600000381469727,2.4600000381469727,2.4600000381469727,256,256,256,2.4600000381469727,1.0,629.760009765625,uint16,1,1.0
x5fl2mox,2.4600000381469727,2.4600000381469727,2.4600000381469727,256,256,256,2.4600000381469727,1.0,629.760009765625,uint16,1,0.0
q9wfb76a,2.4600000381469727,2.4600000381469727,2.4600000381469727,256,256,256,2.4600000381469727,1.0,629.760009765625,uint16,1,0.0
v3s2sumh,2.4600000381469727,2.4600000381469727,2.4600000381469727,256,256,256,2.4600000381469727,1.0,629.760009765625,uint16,1,1.0
3b0n9cc7,2.4600000381469727,2.4600000381469727,2.4600000381469727,256,256,256,2.4600000381469727,1.0,629.760009765625,uint16,1,0.0
isutp04s,2.4600000381469727,2.4600000381469727,2.4600000381469727,256,256,256,2.4600000381469727,1.0,629.760009765625,uint16,1,0.0
brspj4ki,2.4600000381469727,2.4600000381469727,2.4600000381469727,256,256,256,2.4600000381469727,1.0,629.760009765625,uint16,1,1.0
i1nq0ei0,2.4600000381469727,2.4600000381469727,2.4600000381469727,256,256,256,2.4600000381469727,1.0,629.760009765625,uint16,1,0.0
5nms6xvq,2.4600000381469727,2.4600000381469727,2.4600000381469727,256,256,256,2.4600000381469727,1.0,629.760009765625,uint16,1,0.0
pu3et1ov,2.4600000381469727,2.4600000381469727,2.4600000381469727,256,256,256,2.4600000381469727,1.0,629.760009765625,uint16,1,0.0
ejklcp9u,2.4600000381469727,2.4600000381469727,2.4600000381469727,256,256,256,2.4600000381469727,1.0,629.760009765625,uint16,1,1.0
w165aejt,2.4600000381469727,2.4600000381469727,2.4600000381469727,256,256,256,2.4600000381469727,1.0,629.760009765625,uint16,1,1.0
70ebpy9e,2.4600000381469727,2.4600000381469727,2.4600000381469727,256,256,256,2.4600000381469727,1.0,629.760009765625,uint16,1,0.0
576mouze,2.4600000381469727,2.4600000381469727,2.4600000381469727,256,256,256,2.4600000381469727,1.0,629.760009765625,uint16,1,0.0
66vw9b0m,2.4600000381469727,2.4600000381469727,2.4600000381469727,256,256,256,2.4600000381469727,1.0,629.760009765625,uint16,1,0.0
qoq4kreg,2.4600000381469727,2.4600000381469727,2.4600000381469727,256,256,256,2.4600000381469727,1.0,629.760009765625,uint16,1,1.0
167d6vnx,2.4600000381469727,2.4600000381469727,2.4600000381469727,256,256,256,2.4600000381469727,1.0,629.760009765625,uint16,1,0.0
npsv8dkm,2.4600000381469727,2.4600000381469727,2.4600000381469727,256,256,256,2.4600000381469727,1.0,629.760009765625,uint16,1,0.0
u6u4pllg,2.4600000381469727,2.4600000381469727,2.4600000381469727,256,256,256,2.4600000381469727,1.0,629.760009765625,uint16,1,1.0
f309hsuw,2.4600000381469727,2.4600000381469727,2.4600000381469727,256,256,256,2.4600000381469727,1.0,629.760009765625,uint16,1,0.0
dkejp5k7,2.4600000381469727,2.4600000381469727,2.4600000381469727,256,256,256,2.4600000381469727,1.0,629.760009765625,uint16,1,1.0
917xfh41,2.4600000381469727,2.4600000381469727,2.4600000381469727,256,256,256,2.4600000381469727,1.0,629.760009765625,uint16,1,0.0
a68t2a3a,2.4600000381469727,2.4600000381469727,2.4600000381469727,256,256,256,2.4600000381469727,1.0,629.760009765625,uint16,1,0.0
h7u0s3kd,2.4600000381469727,2.4600000381469727,2.4600000381469727,256,256,256,2.4600000381469727,1.0,629.760009765625,uint16,1,1.0
z4ppj590,2.4600000381469727,2.4600000381469727,2.4600000381469727,256,256,256,2.4600000381469727,1.0,629.760009765625,uint16,1,1.0
emc20lsj,2.4600000381469727,2.4600000381469727,2.4600000381469727,256,256,256,2.4600000381469727,1.0,629.760009765625,uint16,1,0.0
ws1zl7p7,2.4600000381469727,2.4600000381469727,2.4600000381469727,256,256,256,2.4600000381469727,1.0,629.760009765625,int16,1,0.0
2l4x5bwa,2.4600000381469727,2.4600000381469727,2.4600000381469727,256,256,256,2.4600000381469727,1.0,629.760009765625,uint16,1,1.0
en7yjf30,2.4600000381469727,2.4600000381469727,2.4600000381469727,256,256,256,2.4600000381469727,1.0,629.760009765625,uint16,1,0.0
kh5840ac,2.4600000381469727,2.4600000381469727,2.4600000381469727,256,256,256,2.4600000381469727,1.0,629.760009765625,uint16,1,1.0
uhgpjnvw,2.4600000381469727,2.4600000381469727,2.4600000381469727,256,256,256,2.4600000381469727,1.0,629.760009765625,uint16,1,0.0
rxgkikr2,2.4600000381469727,2.4600000381469727,2.4600000381469727,256,256,256,2.4600000381469727,1.0,629.760009765625,uint16,1,1.0
omrde51k,2.4600000381469727,2.4600000381469727,2.4600000381469727,256,256,256,2.4600000381469727,1.0,629.760009765625,uint16,1,0.0
8lxeqlez,2.4600000381469727,2.4600000381469727,2.4600000381469727,256,256,256,2.4600000381469727,1.0,629.760009765625,uint16,1,0.0
z1r2roik,2.4600000381469727,2.4600000381469727,2.4600000381469727,256,256,256,2.4600000381469727,1.0,629.760009765625,uint16,1,1.0
s62c1jlo,2.4600000381469727,2.4600000381469727,2.4600000381469727,256,256,256,2.4600000381469727,1.0,629.760009765625,uint16,1,1.0
po6j0m3l,2.4600000381469727,2.4600000381469727,2.4600000381469727,256,256,256,2.4600000381469727,1.0,629.760009765625,uint16,1,1.0
oufhw8wl,2.4600000381469727,2.4600000381469727,2.4600000381469727,256,256,256,2.4600000381469727,1.0,629.760009765625,uint16,1,1.0
va02dz61,2.4600000381469727,2.4600000381469727,2.4600000381469727,256,256,256,2.4600000381469727,1.0,629.760009765625,uint16,1,1.0
txsnhft4,2.4600000381469727,2.4600000381469727,2.4600000381469727,256,256,256,2.4600000381469727,1.0,629.760009765625,uint16,1,1.0
i26lh07b,2.4600000381469727,2.4600000381469727,2.4600000381469727,256,256,256,2.4600000381469727,1.0,629.760009765625,uint16,1,0.0
a7dorfki,2.4600000381469727,2.4600000381469727,2.4600000381469727,256,256,256,2.4600000381469727,1.0,629.760009765625,uint16,1,0.0
1ije2xe0,2.4600000381469727,2.4600000381469727,2.4600000381469727,256,256,256,2.4600000381469727,1.0,629.760009765625,uint16,1,1.0
jdcz1oa3,2.4600000381469727,2.4600000381469727,2.4600000381469727,256,256,256,2.4600000381469727,1.0,629.760009765625,uint16,1,0.0
vf02gvll,2.4600000381469727,2.4600000381469727,2.4600000381469727,256,256,256,2.4600000381469727,1.0,629.760009765625,uint16,1,1.0
sajhjxqk,2.4600000381469727,2.4600000381469727,2.4600000381469727,256,256,256,2.4600000381469727,1.0,629.760009765625,uint16,1,0.0
d8ur6tia,2.4600000381469727,2.4600000381469727,2.4600000381469727,256,256,256,2.4600000381469727,1.0,629.760009765625,uint16,1,0.0
rontdi9o,2.4600000381469727,2.4600000381469727,2.4600000381469727,256,256,256,2.4600000381469727,1.0,629.760009765625,uint16,1,0.0
inuxl39d,2.4600000381469727,2.4600000381469727,2.4600000381469727,256,256,256,2.4600000381469727,1.0,629.760009765625,uint16,1,1.0
g5rifwr0,2.4600000381469727,2.4600000381469727,2.4600000381469727,256,256,256,2.4600000381469727,1.0,629.760009765625,uint16,1,1.0
ui1jlmfl,2.4600000381469727,2.4600000381469727,2.4600000381469727,256,256,256,2.4600000381469727,1.0,629.760009765625,uint16,1,1.0
uoay12tl,2.4600000381469727,2.4600000381469727,2.4600000381469727,256,256,256,2.4600000381469727,1.0,629.760009765625,uint16,1,0.0
xlzs49cd,2.4600000381469727,2.4600000381469727,2.4600000381469727,256,256,256,2.4600000381469727,1.0,629.760009765625,uint16,1,1.0
zn1f0fp8,2.4600000381469727,2.4600000381469727,2.4600000381469727,256,256,256,2.4600000381469727,1.0,629.760009765625,uint16,1,1.0
bpg2r0to,2.4600000381469727,2.4600000381469727,2.4600000381469727,256,256,256,2.4600000381469727,1.0,629.760009765625,uint16,1,0.0
kpk7yswn,2.4600000381469727,2.4600000381469727,2.4600000381469727,256,256,256,2.4600000381469727,1.0,629.760009765625,uint16,1,1.0
xfshwzsj,2.4600000381469727,2.4600000381469727,2.4600000381469727,256,256,256,2.4600000381469727,1.0,629.760009765625,uint16,1,1.0
q77z4es3,2.4600000381469727,2.4600000381469727,2.4600000381469727,256,256,256,2.4600000381469727,1.0,629.760009765625,uint16,1,1.0
aofc9lgy,2.4600000381469727,2.4600000381469727,2.4600000381469727,256,256,256,2.4600000381469727,1.0,629.760009765625,uint16,1,0.0
tlcqfmui,2.4600000381469727,2.4600000381469727,2.4600000381469727,256,256,256,2.4600000381469727,1.0,629.760009765625,uint16,1,0.0
w7j35vlw,2.4600000381469727,2.4600000381469727,2.4600000381469727,256,256,256,2.4600000381469727,1.0,629.760009765625,uint16,1,1.0
ojtxcf0k,2.4600000381469727,2.4600000381469727,2.4600000381469727,256,256,256,2.4600000381469727,1.0,629.760009765625,uint16,1,0.0
jd2v1l1v,2.4600000381469727,2.4600000381469727,2.4600000381469727,256,256,256,2.4600000381469727,1.0,629.760009765625,uint16,1,0.0
j35yrg29,2.4600000381469727,2.4600000381469727,2.4600000381469727,256,256,256,2.4600000381469727,1.0,629.760009765625,uint16,1,1.0
d2ff5l6b,2.4600000381469727,2.4600000381469727,2.4600000381469727,256,256,256,2.4600000381469727,1.0,629.760009765625,uint16,1,0.0
spxlseun,2.4600000381469727,2.4600000381469727,2.4600000381469727,256,256,256,2.4600000381469727,1.0,629.760009765625,uint16,1,0.0
nrlst548,2.4600000381469727,2.4600000381469727,2.4600000381469727,256,256,256,2.4600000381469727,1.0,629.760009765625,uint16,1,0.0
84z4ur2y,2.4600000381469727,2.4600000381469727,2.4600000381469727,256,256,256,2.4600000381469727,1.0,629.760009765625,uint16,1,0.0
upmanqy0,2.4600000381469727,2.4600000381469727,2.4600000381469727,256,256,256,2.4600000381469727,1.0,629.760009765625,uint16,1,1.0
hu97ng0a,2.4600000381469727,2.4600000381469727,2.4600000381469727,256,256,256,2.4600000381469727,1.0,629.760009765625,uint16,1,0.0
psaldnj7,2.4600000381469727,2.4600000381469727,2.4600000381469727,256,256,256,2.4600000381469727,1.0,629.760009765625,uint16,1,1.0
vbjrbzjw,2.4600000381469727,2.4600000381469727,2.4600000381469727,256,256,256,2.4600000381469727,1.0,629.760009765625,uint16,1,1.0
83579wrr,2.4600000381469727,2.4600000381469727,2.4600000381469727,256,256,256,2.4600000381469727,1.0,629.760009765625,uint16,1,1.0
513bb6f0,2.4600000381469727,2.4600000381469727,2.4600000381469727,256,256,256,2.4600000381469727,1.0,629.760009765625,uint16,1,0.0
5ep4cwcd,2.4600000381469727,2.4600000381469727,2.4600000381469727,256,256,256,2.4600000381469727,1.0,629.760009765625,uint16,1,0.0
t9gwa44l,2.4600000381469727,2.4600000381469727,2.4600000381469727,256,256,256,2.4600000381469727,1.0,629.760009765625,uint16,1,0.0
z6v7s7o4,2.4600000381469727,2.4600000381469727,2.4600000381469727,256,256,256,2.4600000381469727,1.0,629.760009765625,uint16,1,0.0
yc3s0dpj,2.4600000381469727,2.4600000381469727,2.4600000381469727,256,256,256,2.4600000381469727,1.0,629.760009765625,uint16,1,1.0
hsg04ajm,2.4600000381469727,2.4600000381469727,2.4600000381469727,256,256,256,2.4600000381469727,1.0,629.760009765625,uint16,1,0.0
muzuqed0,2.4600000381469727,2.4600000381469727,2.4600000381469727,256,256,256,2.4600000381469727,1.0,629.760009765625,uint16,1,0.0
gv812hnc,2.4600000381469727,2.4600000381469727,2.4600000381469727,256,256,256,2.4600000381469727,1.0,629.760009765625,uint16,1,1.0
0i4x6g1e,2.4600000381469727,2.4600000381469727,2.4600000381469727,256,256,256,2.4600000381469727,1.0,629.760009765625,uint16,1,0.0
bzgflig5,2.4600000381469727,2.4600000381469727,2.4600000381469727,256,256,256,2.4600000381469727,1.0,629.760009765625,uint16,1,1.0
gkzjrumx,2.4600000381469727,2.4600000381469727,2.4600000381469727,256,256,256,2.4600000381469727,1.0,629.760009765625,uint16,1,1.0
qw3b4nth,2.4600000381469727,2.4600000381469727,2.4600000381469727,256,256,256,2.4600000381469727,1.0,629.760009765625,uint16,1,1.0
zm32hzs3,2.4600000381469727,2.4600000381469727,2.4600000381469727,256,256,256,2.4600000381469727,1.0,629.760009765625,uint16,1,1.0
2d1jqbex,2.4600000381469727,2.4600000381469727,2.4600000381469727,256,256,256,2.4600000381469727,1.0,629.760009765625,uint16,1,0.0
gfvnnvbz,2.4600000381469727,2.4600000381469727,2.4600000381469727,256,256,256,2.4600000381469727,1.0,629.760009765625,uint16,1,0.0
w5apmxd6,2.4600000381469727,2.4600000381469727,2.4600000381469727,256,256,256,2.4600000381469727,1.0,629.760009765625,uint16,1,0.0
lqga3qup,2.4600000381469727,2.4600000381469727,2.4600000381469727,256,256,256,2.4600000381469727,1.0,629.760009765625,uint16,1,0.0
o4jnmyk8,2.4600000381469727,2.4600000381469727,2.4600000381469727,256,256,256,2.4600000381469727,1.0,629.760009765625,uint16,1,0.0
516sp18o,2.4600000381469727,2.4600000381469727,2.4600000381469727,256,256,256,2.4600000381469727,1.0,629.760009765625,uint16,1,1.0
bs7587h9,2.4600000381469727,2.4600000381469727,2.4600000381469727,256,256,256,2.4600000381469727,1.0,629.760009765625,uint16,1,0.0
1el88l12,2.4600000381469727,2.4600000381469727,2.4600000381469727,256,256,256,2.4600000381469727,1.0,629.760009765625,uint16,1,0.0
qfaf5kci,2.4600000381469727,2.4600000381469727,2.4600000381469727,256,256,256,2.4600000381469727,1.0,629.760009765625,uint16,1,1.0
hdiy4nrm,2.4600000381469727,2.4600000381469727,2.4600000381469727,256,256,256,2.4600000381469727,1.0,629.760009765625,uint16,1,1.0
qyz6y3z1,2.4600000381469727,2.4600000381469727,2.4600000381469727,256,256,256,2.4600000381469727,1.0,629.760009765625,uint16,1,0.0
de1e1630,2.4600000381469727,2.4600000381469727,2.4600000381469727,256,256,256,2.4600000381469727,1.0,629.760009765625,uint16,1,1.0
pocr0vhv,2.4600000381469727,2.4600000381469727,2.4600000381469727,256,256,256,2.4600000381469727,1.0,629.760009765625,uint16,1,0.0
1nm3v16x,2.4600000381469727,2.4600000381469727,2.4600000381469727,256,256,256,2.4600000381469727,1.0,629.760009765625,uint16,1,1.0
eghpmxpk,2.4600000381469727,2.4600000381469727,2.4600000381469727,256,256,256,2.4600000381469727,1.0,629.760009765625,uint16,1,1.0
n3b8pfy4,2.4600000381469727,2.4600000381469727,2.4600000381469727,256,256,256,2.4600000381469727,1.0,629.760009765625,uint16,1,1.0
qcyd52al,2.4600000381469727,2.4600000381469727,2.4600000381469727,256,256,256,2.4600000381469727,1.0,629.760009765625,uint16,1,0.0
unqr8o1k,2.4600000381469727,2.4600000381469727,2.4600000381469727,256,256,256,2.4600000381469727,1.0,629.760009765625,uint16,1,1.0
jwv2qnrm,2.4600000381469727,2.4600000381469727,2.4600000381469727,256,256,256,2.4600000381469727,1.0,629.760009765625,uint16,1,1.0
tn29tnyf,2.4600000381469727,2.4600000381469727,2.4600000381469727,256,256,256,2.4600000381469727,1.0,629.760009765625,uint16,1,1.0
m7vh30qb,2.4600000381469727,2.4600000381469727,2.4600000381469727,256,256,256,2.4600000381469727,1.0,629.760009765625,uint16,1,1.0
kern6yjm,2.4600000381469727,2.4600000381469727,2.4600000381469727,256,256,256,2.4600000381469727,1.0,629.760009765625,uint16,1,0.0
k3tgmalw,2.4600000381469727,2.4600000381469727,2.4600000381469727,256,256,256,2.4600000381469727,1.0,629.760009765625,uint16,1,0.0
vmb0idd0,2.4600000381469727,2.4600000381469727,2.4600000381469727,256,256,256,2.4600000381469727,1.0,629.760009765625,uint16,1,1.0
wpj8yi34,2.4600000381469727,2.4600000381469727,2.4600000381469727,256,256,256,2.4600000381469727,1.0,629.760009765625,uint16,1,1.0
0sqcnf9w,2.4600000381469727,2.4600000381469727,2.4600000381469727,256,256,256,2.4600000381469727,1.0,629.760009765625,uint16,1,0.0
5n9c70pa,2.4600000381469727,2.4600000381469727,2.4600000381469727,256,256,256,2.4600000381469727,1.0,629.760009765625,uint16,1,1.0
8jx54peg,2.4600000381469727,2.4600000381469727,2.4600000381469727,256,256,256,2.4600000381469727,1.0,629.760009765625,uint16,1,0.0
jks4i2nr,2.4600000381469727,2.4600000381469727,2.4600000381469727,256,256,256,2.4600000381469727,1.0,629.760009765625,uint16,1,1.0
1p02jyv6,2.4600000381469727,2.4600000381469727,2.4600000381469727,256,256,256,2.4600000381469727,1.0,629.760009765625,uint16,1,0.0
yjoaoejv,2.4600000381469727,2.4600000381469727,2.4600000381469727,256,256,256,2.4600000381469727,1.0,629.760009765625,uint16,1,1.0
9lhalckz,2.4600000381469727,2.4600000381469727,2.4600000381469727,256,256,256,2.4600000381469727,1.0,629.760009765625,uint16,1,1.0
3vwlo7am,2.4600000381469727,2.4600000381469727,2.4600000381469727,256,256,256,2.4600000381469727,1.0,629.760009765625,uint16,1,1.0
mpq0hzyj,2.4600000381469727,2.4600000381469727,2.4600000381469727,256,256,256,2.4600000381469727,1.0,629.760009765625,uint16,1,0.0
b48wumh9,2.4600000381469727,2.4600000381469727,2.4600000381469727,256,256,256,2.4600000381469727,1.0,629.760009765625,uint16,1,0.0
nklybwgm,2.4600000381469727,2.4600000381469727,2.4600000381469727,256,256,256,2.4600000381469727,1.0,629.760009765625,uint16,1,1.0
p9a9uri7,2.4600000381469727,2.4600000381469727,2.4600000381469727,256,256,256,2.4600000381469727,1.0,629.760009765625,uint16,1,1.0
ev4dh9ug,2.4600000381469727,2.4600000381469727,2.4600000381469727,256,256,256,2.4600000381469727,1.0,629.760009765625,uint16,1,0.0
f10oo1pv,2.4600000381469727,2.4600000381469727,2.4600000381469727,256,256,256,2.4600000381469727,1.0,629.760009765625,uint16,1,0.0
lnd581lt,2.4600000381469727,2.4600000381469727,2.4600000381469727,256,256,256,2.4600000381469727,1.0,629.760009765625,uint16,1,1.0
o4rq3q7g,2.4600000381469727,2.4600000381469727,2.4600000381469727,256,256,256,2.4600000381469727,1.0,629.760009765625,uint16,1,1.0
ktmqg6nx,2.4600000381469727,2.4600000381469727,2.4600000381469727,256,256,256,2.4600000381469727,1.0,629.760009765625,uint16,1,0.0
9owwew9v,2.4600000381469727,2.4600000381469727,2.4600000381469727,256,256,256,2.4600000381469727,1.0,629.760009765625,uint16,1,0.0
08liuqdn,2.4600000381469727,2.4600000381469727,2.4600000381469727,256,256,256,2.4600000381469727,1.0,629.760009765625,uint16,1,1.0
05xt54fn,2.4600000381469727,2.4600000381469727,2.4600000381469727,256,256,256,2.4600000381469727,1.0,629.760009765625,uint16,1,0.0
5g77lk6h,2.4600000381469727,2.4600000381469727,2.4600000381469727,256,256,256,2.4600000381469727,1.0,629.760009765625,uint16,1,1.0
qiv929se,2.4600000381469727,2.4600000381469727,2.4600000381469727,256,256,256,2.4600000381469727,1.0,629.760009765625,uint16,1,1.0
vl7fq8ab,2.4600000381469727,2.4600000381469727,2.4600000381469727,256,256,256,2.4600000381469727,1.0,629.760009765625,uint16,1,1.0
y595cpjz,2.4600000381469727,2.4600000381469727,2.4600000381469727,256,256,256,2.4600000381469727,1.0,629.760009765625,uint16,1,1.0
e1xtar0k,2.4600000381469727,2.4600000381469727,2.4600000381469727,256,256,256,2.4600000381469727,1.0,629.760009765625,uint16,1,1.0
o31nzsxp,2.4600000381469727,2.4600000381469727,2.4600000381469727,256,256,256,2.4600000381469727,1.0,629.760009765625,uint16,1,1.0
efj31ego,2.4600000381469727,2.4600000381469727,2.4600000381469727,256,256,256,2.4600000381469727,1.0,629.760009765625,uint16,1,0.0
m62hdxc6,2.4600000381469727,2.4600000381469727,2.4600000381469727,256,256,256,2.4600000381469727,1.0,629.760009765625,uint16,1,1.0
rijkq2zu,2.4600000381469727,2.4600000381469727,2.4600000381469727,256,256,256,2.4600000381469727,1.0,629.760009765625,uint16,1,0.0
v1fkhnnk,2.4600000381469727,2.4600000381469727,2.4600000381469727,256,256,256,2.4600000381469727,1.0,629.760009765625,uint16,1,0.0
8fwrpk0z,2.4600000381469727,2.4600000381469727,2.4600000381469727,256,256,256,2.4600000381469727,1.0,629.760009765625,uint16,1,0.0
fknwbhkv,2.4600000381469727,2.4600000381469727,2.4600000381469727,256,256,256,2.4600000381469727,1.0,629.760009765625,uint16,1,0.0
jz09owgm,2.4600000381469727,2.4600000381469727,2.4600000381469727,256,256,256,2.4600000381469727,1.0,629.760009765625,uint16,1,1.0
f4ln5rgs,2.4600000381469727,2.4600000381469727,2.4600000381469727,256,256,256,2.4600000381469727,1.0,629.760009765625,uint16,1,1.0
g6a8mlik,2.4600000381469727,2.4600000381469727,2.4600000381469727,256,256,256,2.4600000381469727,1.0,629.760009765625,uint16,1,0.0
22xmq664,2.4600000381469727,2.4600000381469727,2.4600000381469727,256,256,256,2.4600000381469727,1.0,629.760009765625,uint16,1,1.0
42sihxod,2.4600000381469727,2.4600000381469727,2.4600000381469727,256,256,256,2.4600000381469727,1.0,629.760009765625,uint16,1,0.0
lctt058c,2.4600000381469727,2.4600000381469727,2.4600000381469727,256,256,256,2.4600000381469727,1.0,629.760009765625,uint16,1,1.0
uij0yxiy,2.4600000381469727,2.4600000381469727,2.4600000381469727,256,256,256,2.4600000381469727,1.0,629.760009765625,uint16,1,1.0
qbvtdg3c,2.4600000381469727,2.4600000381469727,2.4600000381469727,256,256,256,2.4600000381469727,1.0,629.760009765625,uint16,1,1.0
6scivuqt,2.4600000381469727,2.4600000381469727,2.4600000381469727,256,256,256,2.4600000381469727,1.0,629.760009765625,uint16,1,1.0
2lwhedht,2.4600000381469727,2.4600000381469727,2.4600000381469727,256,256,256,2.4600000381469727,1.0,629.760009765625,uint16,1,1.0
hruu5e51,2.4600000381469727,2.4600000381469727,2.4600000381469727,256,256,256,2.4600000381469727,1.0,629.760009765625,uint16,1,0.0
h3wqa1vr,2.4600000381469727,2.4600000381469727,2.4600000381469727,256,256,256,2.4600000381469727,1.0,629.760009765625,uint16,1,0.0
gss8k5ij,2.4600000381469727,2.4600000381469727,2.4600000381469727,256,256,256,2.4600000381469727,1.0,629.760009765625,uint16,1,0.0
ulp98rl9,2.4600000381469727,2.4600000381469727,2.4600000381469727,256,256,256,2.4600000381469727,1.0,629.760009765625,uint16,1,0.0
qfcpk7pw,2.4600000381469727,2.4600000381469727,2.4600000381469727,256,256,256,2.4600000381469727,1.0,629.760009765625,uint16,1,1.0
tg21hslt,2.4600000381469727,2.4600000381469727,2.4600000381469727,256,256,256,2.4600000381469727,1.0,629.760009765625,uint16,1,1.0
dkvuff12,2.4600000381469727,2.4600000381469727,2.4600000381469727,256,256,256,2.4600000381469727,1.0,629.760009765625,uint16,1,1.0
4vf89x22,2.4600000381469727,2.4600000381469727,2.4600000381469727,256,256,256,2.4600000381469727,1.0,629.760009765625,uint16,1,0.0
j7q4kfmm,2.4600000381469727,2.4600000381469727,2.4600000381469727,256,256,256,2.4600000381469727,1.0,629.760009765625,uint16,1,0.0
0qpop1o8,2.4600000381469727,2.4600000381469727,2.4600000381469727,256,256,256,2.4600000381469727,1.0,629.760009765625,uint16,1,1.0
m291azhz,2.4600000381469727,2.4600000381469727,2.4600000381469727,256,256,256,2.4600000381469727,1.0,629.760009765625,uint16,1,1.0
knl2luhh,2.4600000381469727,2.4600000381469727,2.4600000381469727,256,256,256,2.4600000381469727,1.0,629.760009765625,uint16,1,1.0
s4dilrzq,2.4600000381469727,2.4600000381469727,2.4600000381469727,256,256,256,2.4600000381469727,1.0,629.760009765625,uint16,1,1.0
8bxy6rkv,2.4600000381469727,2.4600000381469727,2.4600000381469727,256,256,256,2.4600000381469727,1.0,629.760009765625,uint16,1,0.0
ndxjn7de,2.4600000381469727,2.4600000381469727,2.4600000381469727,256,256,256,2.4600000381469727,1.0,629.760009765625,uint16,1,1.0
0l1offkh,2.4600000381469727,2.4600000381469727,2.4600000381469727,256,256,256,2.4600000381469727,1.0,629.760009765625,uint16,1,1.0
diu1jtka,2.4600000381469727,2.4600000381469727,2.4600000381469727,256,256,256,2.4600000381469727,1.0,629.760009765625,uint16,1,0.0
1c2zl46q,2.4600000381469727,2.4600000381469727,2.4600000381469727,256,256,256,2.4600000381469727,1.0,629.760009765625,uint16,1,0.0
5gqqlyzj,2.4600000381469727,2.4600000381469727,2.4600000381469727,256,256,256,2.4600000381469727,1.0,629.760009765625,uint16,1,0.0
0aeoorbt,2.4600000381469727,2.4600000381469727,2.4600000381469727,256,256,256,2.4600000381469727,1.0,629.760009765625,uint16,1,1.0
6sapbs22,2.4600000381469727,2.4600000381469727,2.4600000381469727,256,256,256,2.4600000381469727,1.0,629.760009765625,uint16,1,1.0
ruw0u92t,2.4600000381469727,2.4600000381469727,2.4600000381469727,256,256,256,2.4600000381469727,1.0,629.760009765625,uint16,1,1.0
24d7v911,2.4600000381469727,2.4600000381469727,2.4600000381469727,256,256,256,2.4600000381469727,1.0,629.760009765625,uint16,1,1.0
pjq50xcx,2.4600000381469727,2.4600000381469727,2.4600000381469727,256,256,256,2.4600000381469727,1.0,629.760009765625,uint16,1,0.0
msy3paua,2.4600000381469727,2.4600000381469727,2.4600000381469727,256,256,256,2.4600000381469727,1.0,629.760009765625,uint16,1,1.0
3aipjiyl,2.4600000381469727,2.4600000381469727,2.4600000381469727,256,256,256,2.4600000381469727,1.0,629.760009765625,uint16,1,1.0
qx1um55f,2.4600000381469727,2.4600000381469727,2.4600000381469727,256,256,256,2.4600000381469727,1.0,629.760009765625,uint16,1,1.0
1hgav42t,2.4600000381469727,2.4600000381469727,2.4600000381469727,256,256,256,2.4600000381469727,1.0,629.760009765625,uint16,1,1.0
8llihkpj,2.4600000381469727,2.4600000381469727,2.4600000381469727,256,256,256,2.4600000381469727,1.0,629.760009765625,uint16,1,1.0
7hme6p4n,2.4600000381469727,2.4600000381469727,2.4600000381469727,256,256,256,2.4600000381469727,1.0,629.760009765625,uint16,1,0.0
p00nqohn,2.4600000381469727,2.4600000381469727,2.4600000381469727,256,256,256,2.4600000381469727,1.0,629.760009765625,uint16,1,0.0
3dg60e1e,2.4600000381469727,2.4600000381469727,2.4600000381469727,256,256,256,2.4600000381469727,1.0,629.760009765625,uint16,1,0.0
rv0lg92m,2.4600000381469727,2.4600000381469727,2.4600000381469727,256,256,256,2.4600000381469727,1.0,629.760009765625,uint16,1,1.0
jeqa2o4m,2.4600000381469727,2.4600000381469727,2.4600000381469727,256,256,256,2.4600000381469727,1.0,629.760009765625,uint16,1,1.0
84p4k9dx,2.4600000381469727,2.4600000381469727,2.4600000381469727,256,256,256,2.4600000381469727,1.0,629.760009765625,uint16,1,0.0
oq8jxlfi,2.4600000381469727,2.4600000381469727,2.4600000381469727,256,256,256,2.4600000381469727,1.0,629.760009765625,uint16,1,0.0
uefz1c25,2.4600000381469727,2.4600000381469727,2.4600000381469727,256,256,256,2.4600000381469727,1.0,629.760009765625,int16,1,1.0
xnofg780,2.4600000381469727,2.4600000381469727,2.4600000381469727,256,256,256,2.4600000381469727,1.0,629.760009765625,uint16,1,0.0
3g5dfrlw,2.4600000381469727,2.4600000381469727,2.4600000381469727,256,256,256,2.4600000381469727,1.0,629.760009765625,uint16,1,1.0
6jl2l5b5,2.4600000381469727,2.4600000381469727,2.4600000381469727,256,256,256,2.4600000381469727,1.0,629.760009765625,uint16,1,0.0
6bnvsfa6,2.4600000381469727,2.4600000381469727,2.4600000381469727,256,256,256,2.4600000381469727,1.0,629.760009765625,uint16,1,1.0
d9er94te,2.4600000381469727,2.4600000381469727,2.4600000381469727,256,256,256,2.4600000381469727,1.0,629.760009765625,uint16,1,1.0
vwlq6exn,2.4600000381469727,2.4600000381469727,2.4600000381469727,256,256,256,2.4600000381469727,1.0,629.760009765625,uint16,1,1.0
wzr04hhe,2.4600000381469727,2.4600000381469727,2.4600000381469727,256,256,256,2.4600000381469727,1.0,629.760009765625,uint16,1,1.0
7icdo5di,2.4600000381469727,2.4600000381469727,2.4600000381469727,256,256,256,2.4600000381469727,1.0,629.760009765625,uint16,1,1.0
gxl9ysu5,2.4600000381469727,2.4600000381469727,2.4600000381469727,256,256,256,2.4600000381469727,1.0,629.760009765625,uint16,1,0.0
1epxu7b6,2.4600000381469727,2.4600000381469727,2.4600000381469727,256,256,256,2.4600000381469727,1.0,629.760009765625,uint16,1,0.0
nbhgfb2f,2.4600000381469727,2.4600000381469727,2.4600000381469727,256,256,256,2.4600000381469727,1.0,629.760009765625,uint16,1,1.0
lurmw3uq,2.4600000381469727,2.4600000381469727,2.4600000381469727,256,256,256,2.4600000381469727,1.0,629.760009765625,uint16,1,0.0
hwtek17m,2.4600000381469727,2.4600000381469727,2.4600000381469727,256,256,256,2.4600000381469727,1.0,629.760009765625,uint16,1,1.0
6j3rtxym,2.4600000381469727,2.4600000381469727,2.4600000381469727,256,256,256,2.4600000381469727,1.0,629.760009765625,uint16,1,0.0
scnx8eiq,2.4600000381469727,2.4600000381469727,2.4600000381469727,256,256,256,2.4600000381469727,1.0,629.760009765625,int16,1,0.0
etk5lp9c,2.4600000381469727,2.4600000381469727,2.4600000381469727,256,256,256,2.4600000381469727,1.0,629.760009765625,uint16,1,0.0
5so79h4h,2.4600000381469727,2.4600000381469727,2.4600000381469727,256,256,256,2.4600000381469727,1.0,629.760009765625,uint16,1,0.0
a0mvf4s2,2.4600000381469727,2.4600000381469727,2.4600000381469727,256,256,256,2.4600000381469727,1.0,629.760009765625,uint16,1,1.0
ni8tndfw,2.4600000381469727,2.4600000381469727,2.4600000381469727,256,256,256,2.4600000381469727,1.0,629.760009765625,uint16,1,1.0
w41f7v4k,2.4600000381469727,2.4600000381469727,2.4600000381469727,256,256,256,2.4600000381469727,1.0,629.760009765625,uint16,1,1.0
88k686qe,2.4600000381469727,2.4600000381469727,2.4600000381469727,256,256,256,2.4600000381469727,1.0,629.760009765625,uint16,1,0.0
7ajul7w8,2.4600000381469727,2.4600000381469727,2.4600000381469727,256,256,256,2.4600000381469727,1.0,629.760009765625,uint16,1,1.0
cof3138i,2.4600000381469727,2.4600000381469727,2.4600000381469727,256,256,256,2.4600000381469727,1.0,629.760009765625,uint16,1,1.0
2xog4c8j,2.4600000381469727,2.4600000381469727,2.4600000381469727,256,256,256,2.4600000381469727,1.0,629.760009765625,uint16,1,1.0
6e07fpy1,2.4600000381469727,2.4600000381469727,2.4600000381469727,256,256,256,2.4600000381469727,1.0,629.760009765625,uint16,1,0.0
aeldwqxk,2.4600000381469727,2.4600000381469727,2.4600000381469727,256,256,256,2.4600000381469727,1.0,629.760009765625,uint16,1,1.0
e0qc96mj,2.4600000381469727,2.4600000381469727,2.4600000381469727,256,256,256,2.4600000381469727,1.0,629.760009765625,uint16,1,1.0
9n6eqv5y,2.4600000381469727,2.4600000381469727,2.4600000381469727,256,256,256,2.4600000381469727,1.0,629.760009765625,uint16,1,0.0
21id9vvn,2.4600000381469727,2.4600000381469727,2.4600000381469727,256,256,256,2.4600000381469727,1.0,629.760009765625,uint16,1,0.0
5x48pw5k,2.4600000381469727,2.4600000381469727,2.4600000381469727,256,256,256,2.4600000381469727,1.0,629.760009765625,uint16,1,1.0
0jjsp49c,2.4600000381469727,2.4600000381469727,2.4600000381469727,256,256,256,2.4600000381469727,1.0,629.760009765625,uint16,1,1.0
d3irvxd2,2.4600000381469727,2.4600000381469727,2.4600000381469727,256,256,256,2.4600000381469727,1.0,629.760009765625,uint16,1,0.0
zu4ns7nv,2.4600000381469727,2.4600000381469727,2.4600000381469727,256,256,256,2.4600000381469727,1.0,629.760009765625,uint16,1,0.0
v28ue1my,2.4600000381469727,2.4600000381469727,2.4600000381469727,256,256,256,2.4600000381469727,1.0,629.760009765625,uint16,1,0.0
6po0m24u,2.4600000381469727,2.4600000381469727,2.4600000381469727,256,256,256,2.4600000381469727,1.0,629.760009765625,uint16,1,0.0
s73w1yau,2.4600000381469727,2.4600000381469727,2.4600000381469727,256,256,256,2.4600000381469727,1.0,629.760009765625,uint16,1,1.0
a8d7204j,2.4600000381469727,2.4600000381469727,2.4600000381469727,256,256,256,2.4600000381469727,1.0,629.760009765625,uint16,1,0.0
3m9iqbq9,2.4600000381469727,2.4600000381469727,2.4600000381469727,256,256,256,2.4600000381469727,1.0,629.760009765625,uint16,1,0.0
j2h1tlom,2.4600000381469727,2.4600000381469727,2.4600000381469727,256,256,256,2.4600000381469727,1.0,629.760009765625,uint16,1,0.0
344mw04i,2.4600000381469727,2.4600000381469727,2.4600000381469727,256,256,256,2.4600000381469727,1.0,629.760009765625,uint16,1,1.0
3dzxlrgn,2.4600000381469727,2.4600000381469727,2.4600000381469727,256,256,256,2.4600000381469727,1.0,629.760009765625,uint16,1,1.0
jzm3618l,2.4600000381469727,2.4600000381469727,2.4600000381469727,256,256,256,2.4600000381469727,1.0,629.760009765625,uint16,1,0.0
eu6zu1to,2.4600000381469727,2.4600000381469727,2.4600000381469727,256,256,256,2.4600000381469727,1.0,629.760009765625,uint16,1,1.0
zhdv5ojz,2.4600000381469727,2.4600000381469727,2.4600000381469727,256,256,256,2.4600000381469727,1.0,629.760009765625,uint16,1,1.0
to7d835k,2.4600000381469727,2.4600000381469727,2.4600000381469727,256,256,256,2.4600000381469727,1.0,629.760009765625,uint16,1,1.0
uc9pbtyj,2.4600000381469727,2.4600000381469727,2.4600000381469727,256,256,256,2.4600000381469727,1.0,629.760009765625,uint16,1,0.0
r39iixha,2.4600000381469727,2.4600000381469727,2.4600000381469727,256,256,256,2.4600000381469727,1.0,629.760009765625,uint16,1,1.0
iaw4otuo,2.4600000381469727,2.4600000381469727,2.4600000381469727,256,256,256,2.4600000381469727,1.0,629.760009765625,uint16,1,0.0
4uw590z9,2.4600000381469727,2.4600000381469727,2.4600000381469727,256,256,256,2.4600000381469727,1.0,629.760009765625,uint16,1,0.0
2jn67lm8,2.4600000381469727,2.4600000381469727,2.4600000381469727,256,256,256,2.4600000381469727,1.0,629.760009765625,uint16,1,0.0
e49ite92,2.4600000381469727,2.4600000381469727,2.4600000381469727,256,256,256,2.4600000381469727,1.0,629.760009765625,uint16,1,1.0
srl3vzzx,2.4600000381469727,2.4600000381469727,2.4600000381469727,256,256,256,2.4600000381469727,1.0,629.760009765625,uint16,1,0.0
t9qubwrp,2.4600000381469727,2.4600000381469727,2.4600000381469727,256,256,256,2.4600000381469727,1.0,629.760009765625,uint16,1,0.0
8guucm5f,2.4600000381469727,2.4600000381469727,2.4600000381469727,256,256,256,2.4600000381469727,1.0,629.760009765625,uint16,1,0.0
yczu80zr,2.4600000381469727,2.4600000381469727,2.4600000381469727,256,256,256,2.4600000381469727,1.0,629.760009765625,uint16,1,0.0
z79hqtyl,2.4600000381469727,2.4600000381469727,2.4600000381469727,256,256,256,2.4600000381469727,1.0,629.760009765625,uint16,1,1.0
u58ftyla,2.4600000381469727,2.4600000381469727,2.4600000381469727,256,256,256,2.4600000381469727,1.0,629.760009765625,uint16,1,0.0
vzme9wt0,3.2956700325012207,3.2956700325012207,3.299999952316284,128,128,56,3.2971133391062417,1.0013138207928471,342.8305085500081,uint16,6,1.0
0iv1ggxr,2.397599935531616,2.397599935531616,2.4000000953674316,128,128,48,2.398399988810221,1.0010010676928398,242.9951960245768,uint16,3,0.0
ed8u8noz,3.2956700325012207,3.2956700325012207,3.299999952316284,128,128,62,3.2971133391062417,1.0013138207928471,349.4305084546407,uint16,6,0.0
emdmz5rg,2.397599935531616,2.397599935531616,2.4000000953674316,128,128,49,2.398399988810221,1.0010010676928398,243.79519605636597,uint16,3,0.0
oi9wm1sa,3.2956700325012207,3.2956700325012207,3.299999952316284,128,128,49,3.2971133391062417,1.0013138207928471,335.13050866127014,uint16,6,1.0
v9cng8ta,3.2956700325012207,3.2956700325012207,3.299999952316284,128,128,60,3.2971133391062417,1.0013138207928471,347.23050848642987,uint16,6,1.0
na6u48gw,3.2956700325012207,3.2956700325012207,3.299999952316284,128,128,53,3.2971133391062417,1.0013138207928471,339.53050859769183,uint16,6,1.0
ghm56vu6,3.2956700325012207,3.2956700325012207,3.299999952316284,128,128,53,3.2971133391062417,1.0013138207928471,339.53050859769183,uint16,6,1.0
z5gf3bbt,3.2956700325012207,3.2956700325012207,3.299999952316284,128,128,56,3.2971133391062417,1.0013138207928471,342.8305085500081,uint16,6,0.0
873lkmgs,3.2956700325012207,3.2956700325012207,3.299999952316284,128,128,57,3.2971133391062417,1.0013138207928471,343.9305085341136,uint16,6,1.0
6rv9777t,3.304689884185791,3.304689884185791,3.0,128,128,57,3.203126589457194,1.101563294728597,339.0002034505208,uint16,6,0.0
nqetmni3,3.304689884185791,3.304689884185791,3.0,128,128,55,3.203126589457194,1.101563294728597,337.0002034505208,uint16,6,0.0
gom6736z,3.2956700325012207,3.2956700325012207,3.299999952316284,128,128,54,3.2971133391062417,1.0013138207928471,340.6305085817973,uint16,6,0.0
4dsxlsut,3.2956700325012207,3.2956700325012207,3.299999952316284,128,128,57,3.2971133391062417,1.0013138207928471,343.9305085341136,uint16,6,1.0
othlqh7p,2.397599935531616,2.397599935531616,2.4000000953674316,128,128,45,2.398399988810221,1.0010010676928398,240.59519592920938,uint16,3,1.0
pcaduvl9,2.397599935531616,2.397599935531616,2.4000000953674316,128,128,57,2.398399988810221,1.0010010676928398,250.1951963106791,uint16,3,1.0
11zsb8lv,3.2956700325012207,3.2956700325012207,3.299999952316284,128,128,43,3.2971133391062417,1.0013138207928471,328.5305087566376,uint16,6,1.0
6tx0tbkg,3.304689884185791,3.304689884185791,3.0,128,128,49,3.203126589457194,1.101563294728597,331.0002034505208,uint16,6,0.0
8b350sgn,2.397599935531616,2.397599935531616,2.4000000953674316,128,128,49,2.398399988810221,1.0010010676928398,243.79519605636597,uint16,3,1.0
z6d86zch,3.304689884185791,3.304689884185791,3.0,128,128,55,3.203126589457194,1.101563294728597,337.0002034505208,uint16,6,0.0
hxa7hy7a,3.2956700325012207,3.2956700325012207,3.299999952316284,128,128,53,3.2971133391062417,1.0013138207928471,339.53050859769183,uint16,6,0.0
i33993n4,3.2956700325012207,3.2956700325012207,3.299999952316284,128,128,59,3.2971133391062417,1.0013138207928471,346.1305085023244,uint16,6,1.0
bfiy5pu5,2.397599935531616,2.397599935531616,2.4000000953674316,128,128,64,2.398399988810221,1.0010010676928398,255.79519653320312,uint16,3,1.0
wh50jyoo,3.2956700325012207,3.2956700325012207,3.299999952316284,128,128,49,3.2971133391062417,1.0013138207928471,335.13050866127014,uint16,6,1.0
k63rvwoz,3.304689884185791,3.304689884185791,3.0,128,128,47,3.203126589457194,1.101563294728597,329.0002034505208,uint16,6,1.0
qxiwe6rg,3.304689884185791,3.304689884185791,3.0,128,128,62,3.203126589457194,1.101563294728597,344.0002034505208,uint16,6,0.0
l7jy7otk,3.2956700325012207,3.2956700325012207,3.299999952316284,128,128,52,3.2971133391062417,1.0013138207928471,338.4305086135864,uint16,6,0.0
ude358tr,3.304689884185791,3.304689884185791,3.0,128,128,65,3.203126589457194,1.101563294728597,347.0002034505208,uint16,6,1.0
e9qdi3g1,3.304689884185791,3.304689884185791,3.0,128,128,55,3.203126589457194,1.101563294728597,337.0002034505208,uint16,6,0.0
3iwpfvb7,3.2956700325012207,3.2956700325012207,3.299999952316284,128,128,63,3.2971133391062417,1.0013138207928471,350.53050843874615,uint16,6,1.0
1ghlu8m8,3.2956700325012207,3.2956700325012207,3.299999952316284,128,128,55,3.2971133391062417,1.0013138207928471,341.7305085659027,uint16,6,1.0
7mhxofkc,3.2956700325012207,3.2956700325012207,3.299999952316284,128,128,52,3.2971133391062417,1.0013138207928471,338.4305086135864,uint16,6,1.0
ggxp5cit,3.2956700325012207,3.2956700325012207,3.299999952316284,128,128,54,3.2971133391062417,1.0013138207928471,340.6305085817973,uint16,6,1.0
uf8cyotw,3.2956700325012207,3.2956700325012207,3.299999952316284,128,128,58,3.2971133391062417,1.0013138207928471,345.030508518219,uint16,6,1.0
g7nfdinu,3.304689884185791,3.304689884185791,3.0,128,128,52,3.203126589457194,1.101563294728597,334.0002034505208,uint16,6,0.0
31eiwucx,3.2956700325012207,3.2956700325012207,3.299999952316284,128,128,60,3.2971133391062417,1.0013138207928471,347.23050848642987,uint16,6,0.0
67xkwq0y,3.304689884185791,3.304689884185791,3.0,128,128,54,3.203126589457194,1.101563294728597,336.0002034505208,uint16,6,0.0
wm9q7ftm,3.2956700325012207,3.2956700325012207,3.299999952316284,128,128,60,3.2971133391062417,1.0013138207928471,347.23050848642987,uint16,6,1.0
fwg895na,3.2956700325012207,3.2956700325012207,3.299999952316284,128,128,59,3.2971133391062417,1.0013138207928471,346.1305085023244,uint16,6,1.0
2fqztio4,3.2956700325012207,3.2956700325012207,3.299999952316284,128,128,55,3.2971133391062417,1.0013138207928471,341.7305085659027,uint16,6,1.0
m7pp0pnn,3.2956700325012207,3.2956700325012207,3.299999952316284,128,128,52,3.2971133391062417,1.0013138207928471,338.4305086135864,uint16,6,0.0
lo0hhgh5,3.2956700325012207,3.2956700325012207,3.299999952316284,128,128,49,3.2971133391062417,1.0013138207928471,335.13050866127014,uint16,6,1.0
xw6t1oxh,3.304689884185791,3.304689884185791,3.0,128,128,53,3.203126589457194,1.101563294728597,335.0002034505208,uint16,6,0.0
fdxk31wb,3.304689884185791,3.304689884185791,3.0,128,128,53,3.203126589457194,1.101563294728597,335.0002034505208,uint16,6,0.0
htfnsgpy,3.304689884185791,3.304689884185791,3.0,128,128,52,3.203126589457194,1.101563294728597,334.0002034505208,uint16,6,0.0
8257ge0q,3.5909500122070312,3.5909500122070312,3.5909500122070312,128,128,128,3.5909500122070312,1.0,459.6416015625,uint16,4,0.0
uz2z0kdn,2.0,2.0,4.0,128,128,45,2.6666666666666665,2.0,230.66666666666666,uint16,0,1.0
upcj8mo7,2.4600000381469727,2.4600000381469727,2.4600000381469727,122,122,112,2.4600000381469727,1.0,291.9200045267741,uint16,3,0.0
65efuxq9,2.4600000381469727,2.4600000381469727,2.4600000381469727,134,134,112,2.4600000381469727,1.0,311.6000048319499,uint16,3,1.0
njc2goui,2.4600000381469727,2.4600000381469727,2.4600000381469727,132,132,112,2.4600000381469727,1.0,308.3200047810872,uint16,3,0.0
fezac2ex,3.5909500122070312,3.5909500122070312,3.5909500122070312,128,128,128,3.5909500122070312,1.0,459.6416015625,int16,4,0.0
va5e742g,2.4600000381469727,2.4600000381469727,2.4600000381469727,134,134,112,2.4600000381469727,1.0,311.6000048319499,uint16,3,0.0
rrdnwt2f,2.4600000381469727,2.4600000381469727,2.4600000381469727,134,134,112,2.4600000381469727,1.0,311.6000048319499,uint16,3,1.0
es5cs9ui,2.4600000381469727,2.4600000381469727,2.4600000381469727,130,130,112,2.4600000381469727,1.0,305.0400047302246,uint16,3,1.0
14nijcp5,2.4600000381469727,2.4600000381469727,2.4600000381469727,126,126,112,2.4600000381469727,1.0,298.48000462849933,uint16,3,0.0
2ay7ov50,2.4600000381469727,2.4600000381469727,2.4600000381469727,134,134,112,2.4600000381469727,1.0,311.6000048319499,uint16,3,0.0
ew25x1fv,2.4600000381469727,2.4600000381469727,2.4600000381469727,134,134,112,2.4600000381469727,1.0,311.6000048319499,uint16,3,1.0
k1pbcd6f,2.4600000381469727,2.4600000381469727,2.4600000381469727,156,156,112,2.4600000381469727,1.0,347.6800053914388,uint16,3,1.0
xnoq37kt,2.4600000381469727,2.4600000381469727,2.4600000381469727,140,140,112,2.4600000381469727,1.0,321.4400049845378,uint16,3,0.0
ll8sn5yz,2.4600000381469727,2.4600000381469727,2.4600000381469727,124,124,112,2.4600000381469727,1.0,295.2000045776367,uint16,3,0.0
7vxuqdrm,2.4600000381469727,2.4600000381469727,2.4600000381469727,136,136,112,2.4600000381469727,1.0,314.8800048828125,uint16,3,0.0
swjjjksl,2.4600000381469727,2.4600000381469727,2.4600000381469727,132,132,112,2.4600000381469727,1.0,308.3200047810872,uint16,3,0.0
66uml3so,2.4600000381469727,2.4600000381469727,2.4600000381469727,130,130,112,2.4600000381469727,1.0,305.0400047302246,uint16,3,0.0
jpx16f1k,2.4600000381469727,2.4600000381469727,2.4600000381469727,164,164,112,2.4600000381469727,1.0,360.80000559488934,uint16,3,1.0
yntl2ug0,2.4600000381469727,2.4600000381469727,2.4600000381469727,164,164,112,2.4600000381469727,1.0,360.80000559488934,uint16,3,1.0
5wh23gxr,2.4600000381469727,2.4600000381469727,2.4600000381469727,126,126,112,2.4600000381469727,1.0,298.48000462849933,uint16,3,1.0
irjutfvj,3.5909500122070312,3.5909500122070312,3.5909500122070312,128,128,128,3.5909500122070312,1.0,459.6416015625,int16,4,0.0
839ag77q,2.0,2.0,4.0,128,128,45,2.6666666666666665,2.0,230.66666666666666,uint16,0,1.0
9vjuhbp9,4.419600009918213,4.419600009918213,4.419600009918213,128,128,128,4.419600009918213,1.0,565.7088012695312,uint16,4,1.0
vrnegn2b,2.4600000381469727,2.4600000381469727,2.4600000381469727,118,118,112,2.4600000381469727,1.0,285.3600044250488,uint16,7,1.0
4jtj27yh,3.5909500122070312,3.5909500122070312,3.5909500122070312,128,128,128,3.5909500122070312,1.0,459.6416015625,int16,4,1.0
6uamwjpi,2.4600000381469727,2.4600000381469727,2.4600000381469727,152,152,112,2.4600000381469727,1.0,341.12000528971356,uint16,3,1.0
wujt4ftl,2.4600000381469727,2.4600000381469727,2.4600000381469727,140,140,112,2.4600000381469727,1.0,321.4400049845378,uint16,3,0.0
h33hw8d0,2.4600000381469727,2.4600000381469727,2.4600000381469727,122,122,112,2.4600000381469727,1.0,291.9200045267741,uint16,3,1.0
9jrd4hqf,4.419600009918213,4.419600009918213,4.419600009918213,128,128,128,4.419600009918213,1.0,565.7088012695312,int16,4,1.0
ghdiluvn,3.5909500122070312,3.5909500122070312,3.5909500122070312,128,128,128,3.5909500122070312,1.0,459.6416015625,int16,4,1.0
hdczp0nw,2.4600000381469727,2.4600000381469727,2.4600000381469727,128,128,112,2.4600000381469727,1.0,301.760004679362,uint16,3,1.0
ntj5r2sl,2.4600000381469727,2.4600000381469727,2.4600000381469727,146,146,112,2.4600000381469727,1.0,331.28000513712567,uint16,3,1.0
rw4vnzvz,2.4600000381469727,2.4600000381469727,2.4600000381469727,166,166,112,2.4600000381469727,1.0,364.08000564575195,uint16,3,1.0
n2hloiki,2.4600000381469727,2.4600000381469727,2.4600000381469727,126,126,112,2.4600000381469727,1.0,298.48000462849933,uint16,3,1.0
vqa7izq2,2.0,2.0,4.0,128,128,45,2.6666666666666665,2.0,230.66666666666666,uint16,0,0.0
nmnr06dj,2.0,2.0,4.0,128,128,45,2.6666666666666665,2.0,230.66666666666666,uint16,0,1.0
in9rg4xv,2.4600000381469727,2.4600000381469727,2.4600000381469727,130,130,112,2.4600000381469727,1.0,305.0400047302246,uint16,3,1.0
349n1d6d,2.4600000381469727,2.4600000381469727,2.4600000381469727,136,136,112,2.4600000381469727,1.0,314.8800048828125,uint16,3,1.0
zbc7qk4k,2.0,2.0,4.0,128,128,45,2.6666666666666665,2.0,230.66666666666666,uint16,0,0.0
6ilsidbx,2.4600000381469727,2.4600000381469727,2.4600000381469727,160,160,112,2.4600000381469727,1.0,354.24000549316406,uint16,3,1.0
287gt76i,2.0,2.0,4.0,128,128,45,2.6666666666666665,2.0,230.66666666666666,uint16,0,1.0
3hzcd3ge,4.419600009918213,4.419600009918213,4.419600009918213,128,128,128,4.419600009918213,1.0,565.7088012695312,int16,4,1.0
q10f7ia4,2.0,2.0,4.0,128,128,45,2.6666666666666665,2.0,230.66666666666666,uint16,0,1.0
1sascebf,3.5909500122070312,3.5909500122070312,3.5909500122070312,128,128,128,3.5909500122070312,1.0,459.6416015625,int16,4,0.0
e54ukigd,2.4600000381469727,2.4600000381469727,2.4600000381469727,162,162,112,2.4600000381469727,1.0,357.5200055440267,uint16,3,0.0
ix1cnaq2,2.4600000381469727,2.4600000381469727,2.4600000381469727,156,156,112,2.4600000381469727,1.0,347.6800053914388,uint16,3,1.0
yotos87m,2.4600000381469727,2.4600000381469727,2.4600000381469727,146,146,112,2.4600000381469727,1.0,331.28000513712567,uint16,3,0.0
vz01sosr,3.5909500122070312,3.5909500122070312,3.5909500122070312,128,128,128,3.5909500122070312,1.0,459.6416015625,int16,4,0.0
2hvnkvon,2.4600000381469727,2.4600000381469727,2.4600000381469727,144,144,112,2.4600000381469727,1.0,328.000005086263,uint16,3,0.0
nlhapwf5,2.4600000381469727,2.4600000381469727,2.4600000381469727,140,140,112,2.4600000381469727,1.0,321.4400049845378,uint16,3,1.0
20xkiaip,3.5909500122070312,3.5909500122070312,3.5909500122070312,128,128,128,3.5909500122070312,1.0,459.6416015625,int16,4,0.0
rqq5qob8,2.4600000381469727,2.4600000381469727,2.4600000381469727,144,144,112,2.4600000381469727,1.0,328.000005086263,uint16,3,1.0
67kbqnxp,2.4600000381469727,2.4600000381469727,2.4600000381469727,162,162,112,2.4600000381469727,1.0,357.5200055440267,uint16,3,1.0
vmsr75rm,2.4600000381469727,2.4600000381469727,2.4600000381469727,178,178,112,2.4600000381469727,1.0,383.76000595092773,uint16,3,1.0
g7f9fzja,4.419600009918213,4.419600009918213,4.419600009918213,128,128,128,4.419600009918213,1.0,565.7088012695312,uint16,4,1.0
hsao2qwk,3.5909500122070312,3.5909500122070312,3.5909500122070312,128,128,128,3.5909500122070312,1.0,459.6416015625,uint16,4,1.0
bsepr1b2,4.419600009918213,4.419600009918213,4.419600009918213,128,128,128,4.419600009918213,1.0,565.7088012695312,uint16,4,0.0
0uc87nxp,2.4600000381469727,2.4600000381469727,2.4600000381469727,138,138,112,2.4600000381469727,1.0,318.1600049336751,uint16,3,1.0
0jf6dnob,2.4600000381469727,2.4600000381469727,2.4600000381469727,150,150,112,2.4600000381469727,1.0,337.8400052388509,uint16,3,0.0
k8hup3ft,2.4600000381469727,2.4600000381469727,2.4600000381469727,146,146,112,2.4600000381469727,1.0,331.28000513712567,uint16,3,1.0
j6ac4jrc,2.4600000381469727,2.4600000381469727,2.4600000381469727,130,130,112,2.4600000381469727,1.0,305.0400047302246,uint16,3,1.0
q97rcq6w,2.4600000381469727,2.4600000381469727,2.4600000381469727,144,144,112,2.4600000381469727,1.0,328.000005086263,uint16,3,1.0
948ju63l,4.419600009918213,4.419600009918213,4.419600009918213,128,128,128,4.419600009918213,1.0,565.7088012695312,int16,4,1.0
xsy4vy32,2.0,2.0,4.0,128,128,45,2.6666666666666665,2.0,230.66666666666666,uint16,0,0.0
i3pj7k99,2.0,2.0,4.0,128,128,45,2.6666666666666665,2.0,230.66666666666666,uint16,0,1.0
bv2j3t4h,2.4600000381469727,2.4600000381469727,2.4600000381469727,144,144,112,2.4600000381469727,1.0,328.000005086263,uint16,3,1.0
8qfdtn0p,2.4600000381469727,2.4600000381469727,2.4600000381469727,134,134,112,2.4600000381469727,1.0,311.6000048319499,uint16,3,1.0
lcfr7cl6,2.4600000381469727,2.4600000381469727,2.4600000381469727,144,144,112,2.4600000381469727,1.0,328.000005086263,uint16,3,1.0
p3frb7ei,2.0,2.0,4.0,128,128,45,2.6666666666666665,2.0,230.66666666666666,uint16,0,1.0
5r8vo4kv,4.419600009918213,4.419600009918213,4.419600009918213,128,128,128,4.419600009918213,1.0,565.7088012695312,int16,4,1.0
fflncc2a,2.4600000381469727,2.4600000381469727,2.4600000381469727,126,126,112,2.4600000381469727,1.0,298.48000462849933,uint16,3,1.0
trd83x9a,4.419600009918213,4.419600009918213,4.419600009918213,128,128,128,4.419600009918213,1.0,565.7088012695312,int16,4,0.0
ge9ny3mu,2.4600000381469727,2.4600000381469727,2.4600000381469727,140,140,112,2.4600000381469727,1.0,321.4400049845378,uint16,3,1.0
b6lbu9w3,2.4600000381469727,2.4600000381469727,2.4600000381469727,130,130,112,2.4600000381469727,1.0,305.0400047302246,uint16,3,1.0
ggo9dvws,2.4600000381469727,2.4600000381469727,2.4600000381469727,146,146,112,2.4600000381469727,1.0,331.28000513712567,uint16,3,0.0
3kcvjxzd,2.4600000381469727,2.4600000381469727,2.4600000381469727,140,140,112,2.4600000381469727,1.0,321.4400049845378,uint16,3,0.0
vyb4xz3m,4.419600009918213,4.419600009918213,4.419600009918213,128,128,128,4.419600009918213,1.0,565.7088012695312,uint16,4,1.0
